<DATE>	<TIME>	<OPEN>	<HIGH>	<LOW>	<CLOSE>	<TICKVOL>	<VOL>	<SPREAD>
2024.12.30	01:05:00	21515.15	21515.15	21501.85	21502.65	101	0	290
2024.12.30	01:06:00	21502.35	21504.65	21492.55	21502.65	111	0	290
2024.12.30	01:07:00	21500.55	21508.85	21500.55	21508.35	71	0	290
2024.12.30	01:08:00	21508.45	21510.65	21507.55	21508.85	44	0	290
2024.12.30	01:09:00	21509.15	21509.35	21502.55	21502.55	45	0	290
2024.12.30	01:10:00	21502.65	21504.95	21496.85	21497.35	53	0	290
2024.12.30	01:11:00	21496.95	21501.65	21494.55	21494.95	103	0	290
2024.12.30	01:12:00	21494.95	21494.95	21485.45	21488.95	103	0	290
2024.12.30	01:13:00	21487.65	21487.65	21477.35	21479.35	88	0	290
2024.12.30	01:14:00	21479.05	21483.65	21478.55	21483.35	97	0	290
2024.12.30	01:15:00	21483.85	21491.05	21483.85	21489.45	77	0	290
2024.12.30	01:16:00	21489.85	21492.95	21488.35	21491.15	88	0	290
2024.12.30	01:17:00	21491.05	21491.15	21486.85	21487.45	47	0	290
2024.12.30	01:18:00	21487.95	21489.35	21486.65	21486.95	39	0	290
2024.12.30	01:19:00	21486.05	21497.55	21484.95	21497.55	63	0	290
2024.12.30	01:20:00	21497.05	21497.85	21494.45	21496.95	53	0	280
2024.12.30	01:21:00	21497.15	21501.55	21496.95	21498.35	57	0	280
2024.12.30	01:22:00	21497.75	21501.45	21497.55	21501.45	24	0	270
2024.12.30	01:23:00	21501.65	21501.65	21495.45	21496.65	42	0	270
2024.12.30	01:24:00	21496.45	21496.45	21487.45	21487.45	56	0	270
2024.12.30	01:25:00	21487.35	21490.15	21479.85	21483.15	105	0	270
2024.12.30	01:26:00	21483.35	21484.85	21474.85	21479.85	79	0	280
2024.12.30	01:27:00	21478.45	21486.35	21478.05	21484.35	82	0	290
2024.12.30	01:28:00	21484.15	21489.55	21484.05	21487.85	79	0	290
2024.12.30	01:29:00	21488.65	21493.15	21486.85	21486.85	68	0	290
2024.12.30	01:30:00	21486.65	21486.65	21481.65	21482.65	56	0	290
2024.12.30	01:31:00	21482.55	21482.55	21465.05	21469.95	113	0	290
2024.12.30	01:32:00	21470.35	21470.35	21462.95	21467.65	72	0	290
2024.12.30	01:33:00	21467.85	21469.35	21463.15	21463.95	69	0	290
2024.12.30	01:34:00	21464.05	21472.55	21464.05	21472.55	57	0	290
2024.12.30	01:35:00	21472.85	21474.15	21469.55	21471.55	62	0	290
2024.12.30	01:36:00	21470.45	21471.55	21466.65	21467.05	40	0	290
2024.12.30	01:37:00	21466.65	21467.85	21464.85	21465.15	35	0	290
2024.12.30	01:38:00	21464.55	21464.55	21449.85	21452.85	108	0	290
2024.12.30	01:39:00	21453.45	21454.65	21450.15	21452.05	104	0	290
2024.12.30	01:40:00	21453.15	21462.15	21453.15	21460.05	108	0	290
2024.12.30	01:41:00	21459.95	21461.35	21456.05	21458.45	72	0	290
2024.12.30	01:42:00	21457.65	21459.35	21450.15	21450.65	67	0	290
2024.12.30	01:43:00	21451.45	21459.35	21451.05	21459.05	59	0	290
2024.12.30	01:44:00	21459.15	21462.55	21458.05	21462.55	47	0	290
2024.12.30	01:45:00	21462.35	21473.85	21462.35	21471.35	103	0	290
2024.12.30	01:46:00	21471.15	21478.15	21470.35	21474.35	127	0	290
2024.12.30	01:47:00	21474.45	21476.55	21469.35	21472.55	95	0	290
2024.12.30	01:48:00	21472.55	21473.15	21470.55	21470.85	50	0	290
2024.12.30	01:49:00	21470.45	21470.85	21464.15	21466.55	65	0	290
2024.12.30	01:50:00	21466.65	21466.65	21458.35	21458.45	62	0	290
2024.12.30	01:51:00	21459.95	21469.85	21459.55	21465.65	78	0	290
2024.12.30	01:52:00	21467.05	21484.15	21465.95	21479.05	96	0	290
2024.12.30	01:53:00	21478.85	21482.45	21474.95	21481.55	69	0	290
2024.12.30	01:54:00	21482.35	21483.85	21475.85	21477.85	66	0	290
2024.12.30	01:55:00	21478.35	21480.65	21475.15	21480.15	51	0	290
2024.12.30	01:56:00	21479.45	21483.05	21479.45	21481.55	78	0	290
2024.12.30	01:57:00	21482.15	21482.35	21475.55	21479.85	76	0	290
2024.12.30	01:58:00	21479.45	21479.85	21475.55	21479.15	60	0	290
2024.12.30	01:59:00	21479.35	21481.35	21477.55	21480.75	84	0	280
2024.12.30	02:00:00	21480.75	21484.95	21474.05	21474.45	149	0	270
2024.12.30	02:01:00	21472.95	21473.05	21460.05	21462.85	149	0	290
2024.12.30	02:02:00	21462.95	21464.65	21453.35	21460.15	132	0	290
2024.12.30	02:03:00	21459.85	21463.95	21459.65	21463.95	105	0	290
2024.12.30	02:04:00	21464.95	21472.95	21464.95	21468.65	117	0	290
2024.12.30	02:05:00	21468.85	21471.45	21462.35	21463.45	131	0	290
2024.12.30	02:06:00	21463.35	21467.05	21462.65	21465.05	73	0	290
2024.12.30	02:07:00	21465.55	21476.65	21465.05	21474.85	83	0	290
2024.12.30	02:08:00	21475.05	21478.05	21472.15	21478.05	120	0	290
2024.12.30	02:09:00	21478.15	21478.45	21473.15	21476.85	84	0	290
2024.12.30	02:10:00	21476.15	21477.85	21470.95	21472.55	96	0	290
2024.12.30	02:11:00	21472.65	21475.65	21471.05	21475.15	61	0	290
2024.12.30	02:12:00	21475.35	21480.35	21475.05	21480.15	72	0	290
2024.12.30	02:13:00	21479.15	21480.45	21478.05	21480.15	54	0	290
2024.12.30	02:14:00	21481.15	21481.15	21475.35	21476.15	65	0	290
2024.12.30	02:15:00	21475.15	21475.15	21466.35	21472.85	120	0	290
2024.12.30	02:16:00	21473.55	21476.65	21472.55	21474.35	76	0	290
2024.12.30	02:17:00	21474.55	21475.95	21470.55	21475.85	83	0	290
2024.12.30	02:18:00	21475.85	21480.15	21474.45	21474.45	67	0	290
2024.12.30	02:19:00	21474.35	21475.85	21472.35	21473.55	52	0	290
2024.12.30	02:20:00	21473.65	21478.05	21473.65	21475.85	67	0	290
2024.12.30	02:21:00	21475.65	21475.65	21472.85	21473.35	59	0	280
2024.12.30	02:22:00	21473.05	21477.35	21473.05	21477.15	66	0	280
2024.12.30	02:23:00	21476.95	21487.65	21476.95	21485.85	88	0	290
2024.12.30	02:24:00	21484.35	21487.55	21484.35	21485.85	74	0	290
2024.12.30	02:25:00	21485.45	21487.45	21481.15	21487.45	77	0	290
2024.12.30	02:26:00	21487.35	21490.95	21482.65	21483.55	88	0	290
2024.12.30	02:27:00	21483.35	21490.85	21483.35	21488.95	82	0	290
2024.12.30	02:28:00	21488.85	21491.65	21486.55	21491.35	71	0	290
2024.12.30	02:29:00	21491.35	21495.45	21490.95	21493.45	108	0	280
2024.12.30	02:30:00	21493.35	21495.65	21491.85	21495.65	87	0	290
2024.12.30	02:31:00	21495.65	21496.35	21493.45	21493.95	71	0	290
2024.12.30	02:32:00	21494.65	21496.55	21492.05	21493.65	71	0	290
2024.12.30	02:33:00	21493.55	21495.45	21488.15	21488.35	64	0	290
2024.12.30	02:34:00	21488.45	21491.85	21486.95	21491.65	61	0	240
2024.12.30	02:35:00	21491.95	21492.05	21486.95	21490.35	79	0	240
2024.12.30	02:36:00	21490.25	21490.25	21481.95	21485.35	121	0	260
2024.12.30	02:37:00	21485.85	21489.65	21484.65	21486.45	94	0	280
2024.12.30	02:38:00	21486.65	21489.05	21483.15	21483.45	59	0	290
2024.12.30	02:39:00	21483.65	21484.55	21481.95	21482.15	46	0	290
2024.12.30	02:40:00	21482.05	21484.55	21478.45	21479.55	108	0	290
2024.12.30	02:41:00	21478.95	21483.45	21477.35	21482.65	62	0	290
2024.12.30	02:42:00	21483.05	21487.35	21482.65	21486.45	70	0	290
2024.12.30	02:43:00	21486.15	21491.95	21484.05	21490.75	89	0	280
2024.12.30	02:44:00	21489.85	21492.35	21488.05	21490.55	73	0	280
2024.12.30	02:45:00	21490.65	21496.35	21490.65	21494.65	80	0	280
2024.12.30	02:46:00	21494.95	21496.55	21490.95	21496.35	92	0	280
2024.12.30	02:47:00	21496.45	21497.35	21493.35	21493.55	63	0	290
2024.12.30	02:48:00	21493.55	21493.85	21491.05	21493.35	44	0	290
2024.12.30	02:49:00	21493.15	21500.35	21492.95	21499.45	92	0	280
2024.12.30	02:50:00	21499.15	21500.05	21493.35	21493.65	63	0	290
2024.12.30	02:51:00	21493.55	21495.85	21493.35	21494.65	62	0	290
2024.12.30	02:52:00	21494.55	21496.25	21490.15	21491.15	45	0	270
2024.12.30	02:53:00	21490.95	21493.95	21490.35	21493.75	76	0	280
2024.12.30	02:54:00	21493.65	21495.35	21491.95	21492.65	75	0	270
2024.12.30	02:55:00	21492.95	21493.55	21487.75	21488.75	63	0	250
2024.12.30	02:56:00	21489.15	21490.55	21486.65	21490.05	56	0	250
2024.12.30	02:57:00	21489.85	21490.55	21488.05	21490.05	36	0	220
2024.12.30	02:58:00	21490.15	21491.45	21488.85	21490.25	33	0	210
2024.12.30	02:59:00	21490.25	21493.65	21490.15	21490.15	60	0	190
2024.12.30	03:00:00	21489.65	21491.15	21486.95	21487.45	82	0	180
2024.12.30	03:01:00	21487.25	21488.45	21484.75	21487.65	68	0	170
2024.12.30	03:02:00	21487.45	21489.15	21486.25	21487.25	80	0	190
2024.12.30	03:03:00	21487.45	21487.45	21484.65	21485.55	59	0	210
2024.12.30	03:04:00	21485.75	21486.55	21479.85	21481.35	67	0	220
2024.12.30	03:05:00	21480.95	21483.35	21479.65	21480.95	90	0	230
2024.12.30	03:06:00	21481.05	21484.55	21479.75	21482.65	75	0	230
2024.12.30	03:07:00	21482.65	21483.45	21480.65	21480.65	88	0	220
2024.12.30	03:08:00	21480.35	21480.45	21464.65	21468.85	148	0	230
2024.12.30	03:09:00	21468.95	21474.15	21468.05	21470.55	106	0	290
2024.12.30	03:10:00	21468.95	21474.35	21467.15	21472.35	112	0	290
2024.12.30	03:11:00	21472.05	21473.45	21470.95	21473.45	67	0	290
2024.12.30	03:12:00	21474.05	21475.65	21467.95	21468.45	99	0	290
2024.12.30	03:13:00	21468.35	21468.95	21461.35	21462.35	117	0	290
2024.12.30	03:14:00	21461.65	21462.85	21459.55	21459.55	90	0	290
2024.12.30	03:15:00	21459.65	21466.35	21459.15	21463.95	91	0	290
2024.12.30	03:16:00	21464.35	21468.95	21462.45	21468.45	83	0	290
2024.12.30	03:17:00	21468.85	21469.95	21468.65	21469.65	51	0	270
2024.12.30	03:18:00	21469.75	21472.75	21469.55	21472.35	85	0	260
2024.12.30	03:19:00	21472.25	21475.75	21472.05	21475.25	79	0	250
2024.12.30	03:20:00	21475.05	21475.25	21465.85	21467.25	122	0	220
2024.12.30	03:21:00	21467.25	21471.25	21466.75	21470.55	64	0	220
2024.12.30	03:22:00	21470.55	21475.15	21470.45	21472.85	49	0	220
2024.12.30	03:23:00	21472.15	21475.15	21471.85	21475.15	60	0	240
2024.12.30	03:24:00	21474.65	21476.15	21474.55	21475.35	47	0	230
2024.12.30	03:25:00	21475.65	21479.95	21474.65	21478.35	79	0	220
2024.12.30	03:26:00	21478.05	21480.55	21476.75	21479.35	48	0	250
2024.12.30	03:27:00	21479.55	21483.25	21479.05	21483.05	72	0	230
2024.12.30	03:28:00	21483.05	21483.95	21482.15	21483.65	76	0	240
2024.12.30	03:29:00	21483.65	21483.65	21477.55	21478.35	61	0	250
2024.12.30	03:30:00	21478.05	21482.35	21478.05	21480.85	103	0	200
2024.12.30	03:31:00	21480.85	21481.55	21479.45	21479.85	76	0	200
2024.12.30	03:32:00	21479.85	21480.35	21476.55	21477.05	91	0	200
2024.12.30	03:33:00	21477.15	21477.75	21475.35	21476.35	82	0	200
2024.12.30	03:34:00	21476.55	21477.75	21475.15	21475.15	60	0	200
2024.12.30	03:35:00	21475.35	21476.85	21473.35	21474.85	59	0	180
2024.12.30	03:36:00	21474.95	21476.15	21473.85	21474.95	32	0	180
2024.12.30	03:37:00	21475.15	21475.45	21468.65	21474.05	99	0	180
2024.12.30	03:38:00	21473.75	21474.05	21471.25	21473.75	63	0	250
2024.12.30	03:39:00	21473.85	21473.85	21471.65	21472.55	59	0	250
2024.12.30	03:40:00	21472.95	21475.05	21472.45	21474.95	74	0	250
2024.12.30	03:41:00	21475.75	21478.55	21474.25	21477.95	64	0	260
2024.12.30	03:42:00	21477.85	21479.65	21475.25	21479.65	63	0	190
2024.12.30	03:43:00	21480.05	21480.35	21478.25	21479.85	51	0	170
2024.12.30	03:44:00	21481.25	21482.55	21480.95	21482.15	59	0	170
2024.12.30	03:45:00	21481.95	21482.85	21481.25	21482.55	78	0	170
2024.12.30	03:46:00	21482.65	21485.05	21482.45	21482.55	69	0	160
2024.12.30	03:47:00	21482.75	21482.75	21480.05	21480.85	52	0	160
2024.12.30	03:48:00	21480.55	21483.05	21480.45	21481.65	41	0	150
2024.12.30	03:49:00	21481.25	21484.65	21481.15	21484.65	33	0	150
2024.12.30	03:50:00	21483.75	21486.35	21482.55	21483.25	76	0	150
2024.12.30	03:51:00	21482.75	21484.35	21481.55	21484.35	51	0	150
2024.12.30	03:52:00	21484.45	21491.05	21484.45	21489.15	112	0	160
2024.12.30	03:53:00	21489.25	21491.05	21489.05	21490.45	50	0	220
2024.12.30	03:54:00	21490.25	21490.75	21489.35	21489.65	65	0	230
2024.12.30	03:55:00	21489.45	21489.45	21486.85	21486.95	81	0	240
2024.12.30	03:56:00	21486.95	21486.95	21485.35	21485.55	79	0	260
2024.12.30	03:57:00	21485.75	21487.65	21485.45	21487.15	55	0	200
2024.12.30	03:58:00	21487.15	21487.75	21486.95	21487.35	33	0	180
2024.12.30	03:59:00	21488.65	21488.85	21487.35	21488.65	69	0	180
2024.12.30	04:00:00	21488.65	21488.65	21481.65	21485.15	109	0	170
2024.12.30	04:01:00	21485.25	21485.45	21479.95	21481.05	52	0	200
2024.12.30	04:02:00	21481.05	21483.45	21479.85	21482.45	76	0	210
2024.12.30	04:03:00	21482.15	21484.35	21480.65	21484.15	58	0	220
2024.12.30	04:04:00	21484.25	21484.65	21480.85	21482.05	63	0	230
2024.12.30	04:05:00	21481.95	21490.15	21481.95	21489.85	88	0	180
2024.12.30	04:06:00	21488.45	21490.25	21485.75	21486.45	70	0	190
2024.12.30	04:07:00	21486.55	21489.75	21486.05	21488.05	56	0	210
2024.12.30	04:08:00	21488.05	21489.45	21486.95	21489.45	49	0	210
2024.12.30	04:09:00	21489.95	21490.55	21487.25	21487.25	70	0	200
2024.12.30	04:10:00	21487.35	21490.55	21485.65	21488.75	76	0	210
2024.12.30	04:11:00	21488.85	21490.15	21488.65	21489.75	54	0	200
2024.12.30	04:12:00	21489.35	21489.85	21484.85	21484.85	55	0	180
2024.12.30	04:13:00	21484.85	21485.15	21481.55	21483.25	74	0	200
2024.12.30	04:14:00	21483.05	21483.65	21481.55	21482.55	73	0	210
2024.12.30	04:15:00	21482.65	21485.05	21482.55	21483.85	64	0	180
2024.12.30	04:16:00	21483.75	21483.75	21480.35	21480.75	52	0	180
2024.12.30	04:17:00	21480.85	21480.85	21474.65	21475.65	90	0	200
2024.12.30	04:18:00	21475.55	21479.35	21474.65	21478.15	92	0	240
2024.12.30	04:19:00	21478.05	21478.05	21475.15	21475.95	44	0	230
2024.12.30	04:20:00	21475.85	21478.25	21474.85	21477.85	65	0	230
2024.12.30	04:21:00	21477.95	21478.45	21476.95	21478.05	36	0	210
2024.12.30	04:22:00	21477.65	21480.95	21476.65	21480.55	53	0	170
2024.12.30	04:23:00	21479.55	21479.75	21476.85	21476.85	56	0	170
2024.12.30	04:24:00	21477.35	21478.15	21475.35	21476.95	38	0	190
2024.12.30	04:25:00	21476.85	21479.85	21475.65	21477.05	56	0	180
2024.12.30	04:26:00	21476.85	21477.05	21469.55	21469.65	50	0	200
2024.12.30	04:27:00	21469.85	21474.05	21468.55	21472.15	69	0	220
2024.12.30	04:28:00	21472.35	21474.35	21470.05	21470.05	69	0	220
2024.12.30	04:29:00	21470.15	21471.65	21466.35	21470.95	54	0	230
2024.12.30	04:30:00	21470.85	21471.05	21468.75	21469.45	77	0	250
2024.12.30	04:31:00	21469.75	21474.05	21469.45	21474.05	51	0	250
2024.12.30	04:32:00	21474.75	21475.75	21471.35	21471.85	64	0	240
2024.12.30	04:33:00	21471.75	21472.35	21470.75	21471.45	48	0	210
2024.12.30	04:34:00	21471.15	21473.65	21471.15	21473.05	41	0	190
2024.12.30	04:35:00	21473.05	21474.15	21472.35	21473.95	32	0	160
2024.12.30	04:36:00	21473.75	21477.45	21473.75	21475.85	57	0	150
2024.12.30	04:37:00	21475.85	21476.35	21473.25	21473.75	40	0	150
2024.12.30	04:38:00	21473.55	21475.35	21473.05	21473.85	44	0	150
2024.12.30	04:39:00	21473.85	21474.05	21471.85	21472.05	55	0	150
2024.12.30	04:40:00	21472.25	21476.15	21471.75	21476.15	48	0	150
2024.12.30	04:41:00	21476.95	21477.15	21473.45	21474.45	48	0	160
2024.12.30	04:42:00	21474.25	21476.25	21473.55	21473.55	37	0	170
2024.12.30	04:43:00	21473.85	21474.55	21472.95	21473.55	33	0	180
2024.12.30	04:44:00	21473.55	21473.55	21470.65	21472.45	61	0	180
2024.12.30	04:45:00	21472.15	21475.25	21472.15	21473.75	50	0	160
2024.12.30	04:46:00	21473.95	21474.25	21471.35	21473.45	38	0	160
2024.12.30	04:47:00	21473.65	21473.65	21468.45	21469.85	48	0	160
2024.12.30	04:48:00	21469.65	21469.65	21467.45	21469.45	60	0	170
2024.12.30	04:49:00	21469.45	21469.45	21467.25	21467.25	37	0	170
2024.12.30	04:50:00	21466.75	21467.15	21466.45	21466.95	45	0	160
2024.12.30	04:51:00	21466.75	21470.45	21465.75	21470.15	50	0	160
2024.12.30	04:52:00	21470.25	21470.75	21466.05	21466.25	63	0	160
2024.12.30	04:53:00	21466.35	21469.15	21464.75	21464.85	54	0	160
2024.12.30	04:54:00	21465.05	21465.25	21463.15	21463.55	44	0	190
2024.12.30	04:55:00	21463.55	21466.95	21463.15	21466.35	35	0	190
2024.12.30	04:56:00	21466.45	21469.05	21466.25	21466.65	63	0	180
2024.12.30	04:57:00	21466.45	21466.95	21464.95	21465.85	36	0	170
2024.12.30	04:58:00	21465.95	21467.15	21465.95	21466.95	36	0	160
2024.12.30	04:59:00	21466.75	21469.75	21466.55	21467.75	52	0	150
2024.12.30	05:00:00	21467.35	21467.35	21465.05	21466.15	50	0	170
2024.12.30	05:01:00	21466.25	21466.25	21455.85	21459.85	104	0	170
2024.12.30	05:02:00	21459.75	21461.95	21459.25	21460.45	58	0	250
2024.12.30	05:03:00	21460.15	21461.15	21457.45	21460.65	83	0	270
2024.12.30	05:04:00	21460.45	21462.05	21459.35	21459.35	60	0	260
2024.12.30	05:05:00	21459.35	21462.75	21458.75	21461.65	64	0	270
2024.12.30	05:06:00	21461.75	21465.05	21459.35	21461.75	65	0	230
2024.12.30	05:07:00	21461.95	21465.15	21461.75	21463.25	43	0	240
2024.12.30	05:08:00	21463.25	21463.85	21462.85	21462.85	32	0	220
2024.12.30	05:09:00	21462.95	21465.85	21462.45	21465.55	38	0	200
2024.12.30	05:10:00	21465.65	21466.05	21460.85	21461.75	71	0	190
2024.12.30	05:11:00	21461.55	21461.75	21458.35	21459.45	51	0	170
2024.12.30	05:12:00	21459.85	21459.95	21459.15	21459.45	57	0	170
2024.12.30	05:13:00	21459.85	21459.95	21457.05	21458.05	47	0	170
2024.12.30	05:14:00	21458.05	21458.25	21456.35	21457.55	65	0	180
2024.12.30	05:15:00	21457.65	21460.05	21457.15	21457.35	60	0	180
2024.12.30	05:16:00	21457.45	21461.45	21457.45	21461.25	49	0	170
2024.12.30	05:17:00	21461.15	21464.25	21459.95	21462.95	61	0	170
2024.12.30	05:18:00	21461.45	21462.35	21458.85	21460.45	59	0	210
2024.12.30	05:19:00	21460.35	21462.95	21460.15	21462.85	35	0	220
2024.12.30	05:20:00	21463.45	21467.05	21462.65	21465.35	63	0	210
2024.12.30	05:21:00	21465.45	21466.05	21464.05	21464.65	32	0	210
2024.12.30	05:22:00	21464.45	21465.55	21462.35	21463.35	53	0	190
2024.12.30	05:23:00	21462.95	21463.65	21460.85	21461.25	35	0	170
2024.12.30	05:24:00	21461.95	21464.85	21461.95	21464.85	35	0	170
2024.12.30	05:25:00	21464.95	21465.95	21463.65	21463.75	39	0	160
2024.12.30	05:26:00	21464.05	21465.05	21463.45	21463.65	26	0	160
2024.12.30	05:27:00	21465.15	21465.45	21463.85	21464.75	39	0	160
2024.12.30	05:28:00	21465.25	21467.25	21465.05	21465.25	44	0	150
2024.12.30	05:29:00	21465.65	21465.85	21463.85	21464.65	36	0	170
2024.12.30	05:30:00	21464.75	21468.55	21464.75	21467.95	62	0	170
2024.12.30	05:31:00	21468.05	21468.15	21466.95	21467.15	41	0	180
2024.12.30	05:32:00	21467.05	21467.45	21466.35	21467.45	25	0	170
2024.12.30	05:33:00	21467.35	21468.15	21464.75	21465.95	47	0	170
2024.12.30	05:34:00	21465.95	21466.55	21465.05	21466.25	35	0	160
2024.12.30	05:35:00	21466.15	21467.35	21464.95	21465.85	58	0	150
2024.12.30	05:36:00	21465.85	21468.25	21465.55	21467.05	57	0	150
2024.12.30	05:37:00	21467.25	21470.55	21467.25	21469.25	44	0	150
2024.12.30	05:38:00	21469.15	21470.75	21466.95	21466.95	58	0	160
2024.12.30	05:39:00	21467.25	21467.45	21465.55	21466.15	36	0	160
2024.12.30	05:40:00	21466.25	21469.25	21466.05	21468.75	39	0	160
2024.12.30	05:41:00	21468.25	21469.05	21467.65	21467.65	27	0	160
2024.12.30	05:42:00	21467.15	21470.05	21466.95	21467.65	27	0	160
2024.12.30	05:43:00	21467.45	21469.95	21467.05	21469.75	35	0	150
2024.12.30	05:44:00	21469.65	21470.05	21469.05	21469.95	48	0	150
2024.12.30	05:45:00	21469.55	21469.55	21465.65	21466.25	44	0	150
2024.12.30	05:46:00	21466.45	21467.25	21465.25	21465.75	41	0	160
2024.12.30	05:47:00	21465.75	21469.05	21465.75	21468.75	26	0	150
2024.12.30	05:48:00	21468.15	21468.15	21465.55	21465.75	45	0	160
2024.12.30	05:49:00	21465.75	21466.75	21465.25	21465.45	33	0	160
2024.12.30	05:50:00	21465.25	21466.55	21462.45	21464.05	35	0	150
2024.12.30	05:51:00	21464.15	21464.75	21463.25	21463.75	41	0	160
2024.12.30	05:52:00	21463.65	21463.75	21458.25	21461.25	51	0	150
2024.12.30	05:53:00	21461.25	21461.45	21452.25	21452.25	66	0	160
2024.12.30	05:54:00	21451.85	21458.05	21451.85	21456.55	85	0	240
2024.12.30	05:55:00	21456.15	21457.45	21453.45	21453.75	53	0	260
2024.12.30	05:56:00	21453.95	21455.85	21452.75	21455.25	74	0	260
2024.12.30	05:57:00	21455.45	21455.75	21452.95	21455.25	42	0	270
2024.12.30	05:58:00	21455.15	21459.45	21455.15	21457.15	52	0	200
2024.12.30	05:59:00	21457.25	21458.15	21456.15	21457.35	43	0	180
2024.12.30	06:00:00	21457.35	21461.15	21457.35	21460.05	58	0	180
2024.12.30	06:01:00	21459.75	21460.35	21459.05	21459.55	29	0	180
2024.12.30	06:02:00	21459.65	21460.75	21458.55	21460.75	21	0	170
2024.12.30	06:03:00	21460.75	21461.15	21457.25	21457.55	42	0	160
2024.12.30	06:04:00	21457.75	21461.75	21457.55	21461.25	30	0	160
2024.12.30	06:05:00	21461.95	21462.35	21460.85	21461.85	34	0	150
2024.12.30	06:06:00	21462.05	21465.65	21461.85	21464.95	54	0	150
2024.12.30	06:07:00	21465.55	21467.25	21465.15	21466.05	39	0	160
2024.12.30	06:08:00	21466.25	21467.45	21465.45	21466.95	38	0	160
2024.12.30	06:09:00	21466.75	21467.15	21465.35	21467.15	30	0	160
2024.12.30	06:10:00	21467.45	21467.45	21466.05	21466.25	25	0	160
2024.12.30	06:11:00	21466.25	21468.25	21466.25	21466.85	24	0	150
2024.12.30	06:12:00	21467.05	21467.55	21466.05	21467.35	37	0	150
2024.12.30	06:13:00	21466.75	21466.75	21465.85	21466.05	19	0	150
2024.12.30	06:14:00	21466.05	21466.05	21460.25	21461.55	75	0	150
2024.12.30	06:15:00	21461.45	21462.55	21458.85	21458.85	57	0	180
2024.12.30	06:16:00	21459.05	21460.05	21456.95	21457.65	44	0	190
2024.12.30	06:17:00	21457.15	21458.85	21454.55	21454.65	85	0	190
2024.12.30	06:18:00	21454.65	21454.65	21452.15	21452.15	57	0	210
2024.12.30	06:19:00	21452.25	21458.15	21451.95	21457.95	55	0	180
2024.12.30	06:20:00	21457.85	21459.85	21456.65	21457.55	39	0	180
2024.12.30	06:21:00	21457.55	21461.25	21456.65	21459.25	63	0	180
2024.12.30	06:22:00	21459.05	21460.65	21458.95	21460.35	43	0	190
2024.12.30	06:23:00	21460.05	21460.95	21458.55	21458.65	32	0	180
2024.12.30	06:24:00	21458.35	21458.35	21454.45	21455.05	51	0	180
2024.12.30	06:25:00	21455.35	21456.45	21455.25	21455.75	31	0	190
2024.12.30	06:26:00	21456.15	21456.35	21453.55	21453.95	51	0	180
2024.12.30	06:27:00	21454.15	21455.35	21453.85	21454.15	29	0	170
2024.12.30	06:28:00	21454.15	21455.95	21453.95	21455.85	35	0	170
2024.12.30	06:29:00	21455.95	21455.95	21454.75	21454.95	47	0	150
2024.12.30	06:30:00	21455.05	21459.75	21454.75	21459.05	55	0	150
2024.12.30	06:31:00	21459.25	21460.45	21458.25	21459.45	42	0	160
2024.12.30	06:32:00	21459.55	21460.05	21458.45	21459.25	28	0	160
2024.12.30	06:33:00	21459.15	21462.75	21459.15	21462.25	39	0	160
2024.12.30	06:34:00	21462.45	21464.45	21462.25	21464.25	40	0	160
2024.12.30	06:35:00	21464.55	21465.15	21461.25	21461.45	45	0	150
2024.12.30	06:36:00	21461.55	21461.95	21460.25	21461.55	43	0	160
2024.12.30	06:37:00	21461.95	21464.15	21461.75	21463.75	45	0	160
2024.12.30	06:38:00	21464.05	21464.15	21461.55	21463.05	18	0	160
2024.12.30	06:39:00	21462.75	21463.15	21461.95	21463.05	30	0	160
2024.12.30	06:40:00	21463.15	21465.25	21463.15	21465.25	31	0	150
2024.12.30	06:41:00	21465.35	21465.35	21462.55	21464.25	37	0	150
2024.12.30	06:42:00	21464.45	21465.45	21464.45	21465.25	27	0	150
2024.12.30	06:43:00	21465.45	21465.45	21464.75	21464.95	19	0	150
2024.12.30	06:44:00	21465.05	21468.45	21465.05	21468.45	47	0	150
2024.12.30	06:45:00	21468.55	21472.25	21467.75	21469.75	70	0	150
2024.12.30	06:46:00	21470.25	21472.45	21469.45	21470.35	54	0	200
2024.12.30	06:47:00	21470.35	21470.35	21469.45	21469.65	13	0	230
2024.12.30	06:48:00	21469.55	21471.15	21469.35	21470.35	40	0	230
2024.12.30	06:49:00	21470.35	21470.55	21469.35	21470.25	43	0	240
2024.12.30	06:50:00	21470.55	21472.35	21468.85	21469.55	42	0	180
2024.12.30	06:51:00	21469.45	21469.65	21465.15	21465.25	50	0	160
2024.12.30	06:52:00	21464.05	21464.25	21462.75	21463.15	53	0	160
2024.12.30	06:53:00	21463.15	21466.45	21462.95	21464.45	53	0	170
2024.12.30	06:54:00	21464.55	21465.65	21463.25	21465.65	23	0	170
2024.12.30	06:55:00	21465.45	21466.75	21465.45	21466.25	22	0	160
2024.12.30	06:56:00	21466.25	21466.95	21466.05	21466.55	21	0	150
2024.12.30	06:57:00	21466.55	21466.75	21463.05	21463.75	26	0	150
2024.12.30	06:58:00	21463.55	21465.45	21463.35	21465.25	24	0	150
2024.12.30	06:59:00	21465.35	21466.05	21463.85	21466.05	26	0	150
2024.12.30	07:00:00	21466.35	21467.75	21464.75	21465.15	69	0	150
2024.12.30	07:01:00	21464.95	21466.45	21463.65	21463.65	54	0	170
2024.12.30	07:02:00	21463.05	21464.15	21460.45	21461.55	71	0	190
2024.12.30	07:03:00	21461.75	21462.35	21457.75	21458.75	53	0	190
2024.12.30	07:04:00	21459.15	21461.95	21458.45	21459.85	64	0	210
2024.12.30	07:05:00	21459.95	21465.15	21459.95	21464.95	49	0	190
2024.12.30	07:06:00	21465.15	21467.25	21463.25	21463.65	54	0	210
2024.12.30	07:07:00	21463.85	21465.45	21463.85	21464.75	49	0	200
2024.12.30	07:08:00	21464.75	21465.85	21464.25	21465.05	57	0	180
2024.12.30	07:09:00	21465.35	21466.65	21465.05	21466.15	44	0	170
2024.12.30	07:10:00	21466.15	21467.65	21465.95	21467.25	49	0	160
2024.12.30	07:11:00	21467.05	21467.65	21459.15	21459.15	56	0	160
2024.12.30	07:12:00	21458.45	21460.05	21456.85	21457.15	60	0	180
2024.12.30	07:13:00	21457.05	21460.25	21456.55	21459.25	39	0	180
2024.12.30	07:14:00	21459.75	21460.75	21456.85	21456.85	50	0	190
2024.12.30	07:15:00	21457.45	21457.95	21455.85	21455.95	38	0	200
2024.12.30	07:16:00	21455.85	21460.15	21455.85	21459.65	54	0	170
2024.12.30	07:17:00	21458.65	21460.05	21458.35	21459.15	40	0	170
2024.12.30	07:18:00	21459.35	21460.45	21459.15	21459.35	28	0	160
2024.12.30	07:19:00	21459.45	21461.75	21459.25	21461.15	42	0	160
2024.12.30	07:20:00	21460.15	21460.15	21457.25	21457.85	61	0	160
2024.12.30	07:21:00	21458.15	21458.85	21456.55	21456.75	33	0	160
2024.12.30	07:22:00	21456.95	21459.05	21456.05	21456.05	42	0	160
2024.12.30	07:23:00	21455.95	21457.75	21455.55	21457.55	46	0	160
2024.12.30	07:24:00	21457.65	21458.55	21456.65	21458.25	36	0	160
2024.12.30	07:25:00	21458.45	21462.05	21455.55	21456.65	67	0	160
2024.12.30	07:26:00	21457.15	21457.25	21455.25	21455.65	38	0	190
2024.12.30	07:27:00	21455.25	21456.55	21447.95	21449.55	52	0	180
2024.12.30	07:28:00	21449.45	21450.95	21448.85	21450.85	38	0	230
2024.12.30	07:29:00	21450.65	21454.05	21450.55	21452.35	60	0	230
2024.12.30	07:30:00	21452.15	21453.85	21438.35	21443.15	111	0	230
2024.12.30	07:31:00	21441.85	21446.15	21441.85	21443.35	55	0	290
2024.12.30	07:32:00	21443.55	21444.65	21433.35	21434.65	102	0	290
2024.12.30	07:33:00	21434.55	21435.25	21426.55	21427.85	116	0	290
2024.12.30	07:34:00	21427.75	21431.35	21427.55	21430.25	69	0	290
2024.12.30	07:35:00	21431.15	21437.75	21427.65	21436.65	91	0	290
2024.12.30	07:36:00	21436.85	21436.85	21432.25	21434.85	71	0	290
2024.12.30	07:37:00	21434.55	21434.85	21432.55	21432.65	48	0	290
2024.12.30	07:38:00	21432.75	21434.65	21430.85	21432.25	56	0	280
2024.12.30	07:39:00	21432.25	21432.55	21428.05	21430.45	70	0	280
2024.12.30	07:40:00	21430.85	21433.35	21429.85	21431.15	77	0	270
2024.12.30	07:41:00	21431.15	21433.15	21430.65	21432.75	42	0	250
2024.12.30	07:42:00	21432.85	21436.65	21431.65	21431.95	59	0	240
2024.12.30	07:43:00	21431.15	21432.95	21430.55	21431.65	51	0	230
2024.12.30	07:44:00	21431.95	21433.05	21430.75	21430.75	59	0	220
2024.12.30	07:45:00	21430.35	21433.95	21429.75	21433.85	61	0	190
2024.12.30	07:46:00	21433.95	21434.05	21429.65	21430.75	50	0	200
2024.12.30	07:47:00	21430.95	21432.05	21430.75	21432.05	40	0	180
2024.12.30	07:48:00	21431.95	21433.75	21431.15	21432.15	47	0	170
2024.12.30	07:49:00	21431.45	21432.45	21431.45	21432.15	23	0	170
2024.12.30	07:50:00	21432.25	21437.05	21432.15	21436.95	49	0	170
2024.12.30	07:51:00	21436.85	21438.85	21434.65	21438.65	34	0	160
2024.12.30	07:52:00	21438.45	21438.45	21435.35	21435.75	38	0	180
2024.12.30	07:53:00	21435.05	21437.55	21434.95	21437.45	33	0	200
2024.12.30	07:54:00	21437.55	21439.75	21437.55	21438.65	41	0	210
2024.12.30	07:55:00	21438.55	21440.75	21438.25	21438.55	49	0	200
2024.12.30	07:56:00	21437.95	21437.95	21434.35	21434.35	55	0	180
2024.12.30	07:57:00	21434.45	21436.95	21434.15	21435.35	49	0	170
2024.12.30	07:58:00	21435.75	21437.45	21435.45	21436.95	38	0	160
2024.12.30	07:59:00	21437.25	21437.55	21435.65	21436.55	39	0	160
2024.12.30	08:00:00	21435.45	21435.45	21429.45	21434.05	113	0	160
2024.12.30	08:01:00	21434.05	21438.65	21434.05	21437.75	60	0	210
2024.12.30	08:02:00	21438.35	21439.15	21438.05	21438.55	51	0	230
2024.12.30	08:03:00	21439.15	21441.25	21439.15	21441.25	44	0	230
2024.12.30	08:04:00	21444.25	21445.75	21442.85	21444.75	66	0	240
2024.12.30	08:05:00	21444.35	21444.35	21442.35	21443.35	60	0	220
2024.12.30	08:06:00	21442.75	21445.35	21442.55	21445.35	38	0	190
2024.12.30	08:07:00	21446.25	21451.85	21445.65	21450.25	63	0	190
2024.12.30	08:08:00	21450.25	21450.25	21446.05	21446.85	54	0	220
2024.12.30	08:09:00	21447.15	21450.05	21447.05	21449.35	48	0	190
2024.12.30	08:10:00	21449.25	21450.95	21448.85	21448.95	59	0	200
2024.12.30	08:11:00	21448.85	21451.35	21447.85	21451.25	56	0	200
2024.12.30	08:12:00	21451.05	21456.55	21450.55	21455.75	76	0	200
2024.12.30	08:13:00	21455.65	21459.75	21455.25	21458.75	79	0	200
2024.12.30	08:14:00	21458.75	21459.05	21457.05	21457.25	29	0	240
2024.12.30	08:15:00	21457.35	21460.05	21456.15	21460.05	76	0	230
2024.12.30	08:16:00	21459.85	21464.55	21459.75	21461.95	61	0	230
2024.12.30	08:17:00	21461.45	21461.55	21459.35	21459.65	40	0	210
2024.12.30	08:18:00	21459.55	21459.55	21452.85	21452.95	66	0	160
2024.12.30	08:19:00	21452.85	21457.05	21452.85	21455.35	56	0	170
2024.12.30	08:20:00	21455.25	21457.95	21455.25	21456.05	39	0	200
2024.12.30	08:21:00	21455.95	21457.35	21454.75	21456.65	56	0	190
2024.12.30	08:22:00	21456.55	21458.35	21454.95	21458.05	38	0	180
2024.12.30	08:23:00	21457.95	21459.35	21456.25	21458.05	58	0	200
2024.12.30	08:24:00	21458.05	21461.85	21457.85	21460.45	68	0	170
2024.12.30	08:25:00	21460.55	21461.85	21457.85	21459.85	57	0	190
2024.12.30	08:26:00	21460.25	21463.55	21458.75	21461.65	44	0	220
2024.12.30	08:27:00	21461.65	21464.45	21461.65	21464.15	39	0	220
2024.12.30	08:28:00	21464.05	21465.25	21463.05	21464.45	41	0	210
2024.12.30	08:29:00	21464.35	21465.25	21463.05	21463.55	57	0	200
2024.12.30	08:30:00	21464.15	21464.15	21460.05	21463.25	67	0	190
2024.12.30	08:31:00	21463.15	21463.95	21459.45	21459.45	52	0	210
2024.12.30	08:32:00	21459.55	21462.25	21459.05	21462.15	47	0	200
2024.12.30	08:33:00	21462.25	21465.85	21460.65	21465.45	58	0	200
2024.12.30	08:34:00	21464.95	21465.15	21460.75	21461.15	60	0	220
2024.12.30	08:35:00	21460.75	21463.15	21457.35	21457.35	52	0	220
2024.12.30	08:36:00	21459.75	21462.25	21459.35	21461.95	42	0	220
2024.12.30	08:37:00	21462.05	21462.15	21458.25	21458.25	28	0	220
2024.12.30	08:38:00	21458.65	21462.35	21458.65	21460.75	31	0	220
2024.12.30	08:39:00	21460.85	21461.05	21457.45	21457.85	35	0	220
2024.12.30	08:40:00	21458.25	21458.85	21457.45	21457.95	36	0	200
2024.12.30	08:41:00	21458.05	21458.95	21451.05	21452.25	51	0	170
2024.12.30	08:42:00	21452.95	21454.65	21452.55	21454.35	61	0	240
2024.12.30	08:43:00	21454.35	21454.35	21445.65	21446.35	71	0	240
2024.12.30	08:44:00	21446.35	21446.65	21438.05	21438.05	95	0	270
2024.12.30	08:45:00	21438.05	21441.55	21425.25	21425.35	141	0	280
2024.12.30	08:46:00	21426.55	21436.35	21426.05	21435.85	96	0	290
2024.12.30	08:47:00	21436.25	21436.25	21433.55	21434.65	53	0	290
2024.12.30	08:48:00	21434.35	21434.55	21432.65	21434.15	43	0	290
2024.12.30	08:49:00	21434.05	21439.25	21433.85	21435.35	73	0	290
2024.12.30	08:50:00	21435.75	21441.05	21435.75	21436.75	89	0	280
2024.12.30	08:51:00	21436.75	21437.75	21432.35	21434.25	90	0	290
2024.12.30	08:52:00	21433.75	21434.35	21431.55	21431.75	78	0	290
2024.12.30	08:53:00	21431.15	21433.05	21429.25	21431.75	70	0	290
2024.12.30	08:54:00	21431.25	21433.85	21429.55	21429.75	55	0	290
2024.12.30	08:55:00	21429.65	21430.15	21428.55	21428.55	53	0	280
2024.12.30	08:56:00	21428.55	21432.75	21427.95	21432.75	80	0	270
2024.12.30	08:57:00	21433.15	21438.05	21432.95	21435.95	97	0	260
2024.12.30	08:58:00	21435.95	21436.55	21432.35	21432.35	69	0	240
2024.12.30	08:59:00	21431.85	21433.85	21429.25	21433.45	79	0	220
2024.12.30	09:00:00	21432.35	21434.55	21430.15	21432.85	137	0	220
2024.12.30	09:01:00	21432.65	21432.65	21420.25	21422.05	167	0	280
2024.12.30	09:02:00	21421.35	21422.15	21418.35	21419.35	129	0	290
2024.12.30	09:03:00	21419.35	21420.35	21410.55	21417.85	184	0	290
2024.12.30	09:04:00	21418.05	21424.35	21417.85	21423.05	113	0	290
2024.12.30	09:05:00	21421.55	21426.25	21416.35	21416.35	121	0	290
2024.12.30	09:06:00	21416.55	21419.55	21413.55	21417.65	98	0	290
2024.12.30	09:07:00	21417.55	21422.25	21416.75	21422.05	100	0	290
2024.12.30	09:08:00	21422.15	21424.55	21420.85	21422.75	83	0	290
2024.12.30	09:09:00	21422.55	21423.65	21419.85	21419.85	101	0	290
2024.12.30	09:10:00	21419.65	21420.75	21415.35	21419.25	118	0	290
2024.12.30	09:11:00	21418.85	21430.65	21418.75	21429.25	121	0	290
2024.12.30	09:12:00	21428.75	21430.05	21422.25	21423.25	124	0	290
2024.12.30	09:13:00	21423.05	21423.15	21417.25	21420.15	96	0	290
2024.12.30	09:14:00	21419.25	21423.65	21416.85	21422.75	101	0	290
2024.12.30	09:15:00	21421.55	21425.75	21418.25	21425.65	83	0	290
2024.12.30	09:16:00	21425.15	21429.65	21422.25	21423.65	118	0	290
2024.12.30	09:17:00	21423.05	21423.75	21418.85	21420.25	80	0	290
2024.12.30	09:18:00	21419.35	21420.65	21413.35	21413.55	113	0	290
2024.12.30	09:19:00	21413.65	21417.15	21409.35	21410.85	108	0	290
2024.12.30	09:20:00	21410.65	21412.35	21401.55	21407.35	174	0	290
2024.12.30	09:21:00	21407.55	21408.25	21403.35	21404.05	114	0	290
2024.12.30	09:22:00	21404.25	21406.35	21402.75	21404.85	107	0	290
2024.12.30	09:23:00	21404.85	21406.65	21402.15	21405.55	89	0	290
2024.12.30	09:24:00	21405.75	21406.65	21402.25	21404.15	94	0	290
2024.12.30	09:25:00	21405.55	21407.65	21405.55	21406.75	97	0	290
2024.12.30	09:26:00	21406.15	21407.05	21404.25	21406.25	64	0	290
2024.12.30	09:27:00	21406.25	21406.65	21399.35	21401.65	118	0	280
2024.12.30	09:28:00	21401.45	21407.25	21397.85	21401.85	114	0	280
2024.12.30	09:29:00	21402.05	21403.15	21397.05	21398.75	114	0	290
2024.12.30	09:30:00	21398.15	21405.75	21397.05	21405.05	160	0	290
2024.12.30	09:31:00	21405.15	21405.85	21393.05	21395.65	170	0	290
2024.12.30	09:32:00	21395.55	21398.55	21393.05	21394.15	126	0	290
2024.12.30	09:33:00	21394.05	21400.05	21393.35	21396.85	113	0	290
2024.12.30	09:34:00	21396.75	21400.15	21394.75	21395.65	114	0	290
2024.12.30	09:35:00	21395.55	21402.05	21390.75	21396.85	142	0	290
2024.12.30	09:36:00	21397.05	21399.35	21394.85	21394.85	99	0	290
2024.12.30	09:37:00	21395.15	21402.15	21395.15	21401.85	79	0	290
2024.12.30	09:38:00	21401.65	21402.05	21397.65	21398.65	78	0	290
2024.12.30	09:39:00	21398.75	21406.35	21398.35	21405.55	108	0	290
2024.12.30	09:40:00	21405.65	21410.25	21404.55	21404.75	133	0	280
2024.12.30	09:41:00	21404.85	21407.85	21403.95	21405.75	72	0	280
2024.12.30	09:42:00	21405.85	21407.95	21405.05	21406.85	85	0	280
2024.12.30	09:43:00	21406.65	21410.15	21406.65	21408.45	55	0	280
2024.12.30	09:44:00	21408.15	21408.15	21399.65	21399.75	113	0	280
2024.12.30	09:45:00	21399.75	21409.15	21399.75	21406.25	120	0	280
2024.12.30	09:46:00	21406.55	21414.15	21405.55	21412.85	110	0	290
2024.12.30	09:47:00	21412.85	21417.85	21412.05	21417.65	111	0	290
2024.12.30	09:48:00	21417.35	21417.55	21406.55	21407.05	122	0	290
2024.12.30	09:49:00	21407.15	21412.35	21406.55	21408.35	95	0	290
2024.12.30	09:50:00	21408.75	21411.75	21407.75	21409.65	92	0	290
2024.12.30	09:51:00	21409.25	21411.55	21405.75	21407.55	73	0	290
2024.12.30	09:52:00	21408.15	21411.15	21407.85	21409.85	66	0	290
2024.12.30	09:53:00	21409.05	21410.65	21402.35	21402.35	82	0	290
2024.12.30	09:54:00	21402.35	21408.25	21402.35	21406.05	95	0	290
2024.12.30	09:55:00	21406.15	21406.55	21402.75	21403.85	105	0	290
2024.12.30	09:56:00	21403.85	21411.25	21403.05	21410.55	97	0	280
2024.12.30	09:57:00	21409.15	21414.65	21408.05	21412.35	111	0	290
2024.12.30	09:58:00	21412.65	21412.65	21410.35	21412.25	103	0	290
2024.12.30	09:59:00	21412.65	21413.25	21409.15	21410.15	113	0	290
2024.12.30	10:00:00	21406.35	21407.85	21397.65	21407.85	219	0	290
2024.12.30	10:01:00	21409.55	21413.15	21403.85	21409.55	210	0	290
2024.12.30	10:02:00	21409.75	21420.65	21408.75	21418.05	190	0	290
2024.12.30	10:03:00	21418.05	21422.55	21415.25	21421.25	178	0	290
2024.12.30	10:04:00	21420.75	21420.75	21412.05	21420.55	215	0	290
2024.12.30	10:05:00	21419.15	21438.35	21418.55	21436.55	243	0	290
2024.12.30	10:06:00	21436.55	21436.55	21422.75	21424.25	221	0	290
2024.12.30	10:07:00	21423.75	21427.35	21417.85	21421.15	213	0	290
2024.12.30	10:08:00	21421.15	21426.55	21414.85	21424.65	191	0	290
2024.12.30	10:09:00	21424.55	21429.65	21422.55	21423.55	191	0	290
2024.12.30	10:10:00	21423.55	21423.85	21416.55	21418.75	160	0	290
2024.12.30	10:11:00	21418.25	21422.65	21416.35	21420.05	156	0	290
2024.12.30	10:12:00	21419.75	21419.75	21406.05	21411.25	199	0	290
2024.12.30	10:13:00	21412.55	21420.65	21412.15	21415.65	187	0	290
2024.12.30	10:14:00	21415.75	21422.85	21412.55	21422.85	178	0	290
2024.12.30	10:15:00	21422.55	21433.65	21421.25	21432.75	222	0	290
2024.12.30	10:16:00	21432.85	21433.85	21428.05	21432.15	178	0	290
2024.12.30	10:17:00	21431.75	21433.05	21426.35	21430.75	138	0	290
2024.12.30	10:18:00	21430.35	21431.55	21428.05	21430.75	152	0	290
2024.12.30	10:19:00	21431.05	21434.35	21428.25	21430.65	167	0	290
2024.12.30	10:20:00	21431.05	21433.25	21426.35	21426.55	139	0	290
2024.12.30	10:21:00	21426.35	21431.55	21423.75	21430.15	137	0	290
2024.12.30	10:22:00	21430.05	21432.75	21428.65	21432.35	127	0	290
2024.12.30	10:23:00	21430.85	21434.55	21429.85	21430.15	105	0	290
2024.12.30	10:24:00	21430.15	21436.35	21429.25	21432.15	122	0	290
2024.12.30	10:25:00	21432.35	21434.35	21428.65	21433.15	116	0	290
2024.12.30	10:26:00	21432.85	21435.55	21431.65	21432.65	102	0	290
2024.12.30	10:27:00	21432.15	21439.25	21430.35	21436.15	142	0	290
2024.12.30	10:28:00	21436.15	21439.65	21434.85	21439.15	110	0	290
2024.12.30	10:29:00	21439.15	21443.55	21436.65	21440.55	136	0	290
2024.12.30	10:30:00	21441.15	21445.75	21440.65	21445.15	137	0	290
2024.12.30	10:31:00	21445.55	21449.65	21441.35	21441.55	153	0	290
2024.12.30	10:32:00	21441.35	21444.65	21440.25	21444.65	119	0	290
2024.12.30	10:33:00	21444.65	21444.65	21436.55	21440.25	147	0	290
2024.12.30	10:34:00	21440.15	21444.05	21439.35	21444.05	101	0	290
2024.12.30	10:35:00	21443.75	21444.75	21438.05	21440.35	113	0	290
2024.12.30	10:36:00	21440.25	21445.25	21440.15	21443.35	103	0	290
2024.12.30	10:37:00	21444.15	21446.75	21439.75	21442.65	122	0	290
2024.12.30	10:38:00	21442.35	21444.15	21440.85	21444.05	83	0	290
2024.12.30	10:39:00	21444.35	21445.65	21439.35	21442.05	87	0	290
2024.12.30	10:40:00	21441.75	21443.65	21441.05	21442.15	72	0	280
2024.12.30	10:41:00	21442.55	21446.85	21441.15	21444.15	91	0	270
2024.12.30	10:42:00	21444.15	21444.15	21440.85	21440.95	84	0	280
2024.12.30	10:43:00	21440.55	21440.55	21434.45	21436.85	102	0	270
2024.12.30	10:44:00	21436.95	21437.55	21433.95	21436.85	89	0	260
2024.12.30	10:45:00	21436.45	21444.45	21436.45	21442.85	109	0	260
2024.12.30	10:46:00	21442.95	21442.95	21435.95	21436.35	96	0	280
2024.12.30	10:47:00	21436.45	21438.95	21433.45	21433.65	91	0	270
2024.12.30	10:48:00	21433.95	21438.55	21433.85	21434.55	69	0	270
2024.12.30	10:49:00	21434.35	21435.65	21426.05	21426.05	125	0	270
2024.12.30	10:50:00	21425.65	21431.05	21422.75	21428.85	166	0	290
2024.12.30	10:51:00	21429.15	21430.05	21422.55	21427.35	113	0	290
2024.12.30	10:52:00	21427.15	21428.85	21423.05	21428.55	111	0	290
2024.12.30	10:53:00	21428.55	21433.35	21428.35	21431.85	104	0	290
2024.12.30	10:54:00	21431.85	21434.35	21430.05	21433.55	102	0	290
2024.12.30	10:55:00	21432.15	21438.75	21430.85	21436.85	106	0	280
2024.12.30	10:56:00	21437.85	21437.85	21428.05	21428.05	127	0	290
2024.12.30	10:57:00	21427.85	21429.85	21425.85	21429.85	109	0	290
2024.12.30	10:58:00	21429.85	21431.05	21425.75	21428.05	104	0	280
2024.12.30	10:59:00	21427.85	21428.85	21424.15	21428.85	98	0	290
2024.12.30	11:00:00	21429.25	21438.35	21429.25	21434.05	146	0	290
2024.12.30	11:01:00	21434.55	21436.35	21429.85	21430.55	116	0	290
2024.12.30	11:02:00	21430.05	21434.15	21428.65	21434.15	152	0	290
2024.12.30	11:03:00	21434.25	21437.35	21429.05	21433.25	170	0	290
2024.12.30	11:04:00	21433.15	21433.15	21422.85	21426.75	136	0	290
2024.12.30	11:05:00	21426.35	21427.85	21419.65	21423.15	157	0	290
2024.12.30	11:06:00	21423.15	21423.15	21416.15	21416.25	200	0	290
2024.12.30	11:07:00	21415.75	21419.85	21413.75	21415.05	165	0	290
2024.12.30	11:08:00	21415.15	21418.55	21413.15	21417.15	176	0	290
2024.12.30	11:09:00	21415.85	21417.55	21413.55	21414.75	136	0	290
2024.12.30	11:10:00	21414.55	21421.25	21413.35	21419.15	159	0	290
2024.12.30	11:11:00	21419.15	21421.55	21417.25	21417.35	113	0	290
2024.12.30	11:12:00	21416.35	21419.15	21412.65	21416.25	146	0	290
2024.12.30	11:13:00	21416.65	21423.25	21415.05	21420.15	120	0	290
2024.12.30	11:14:00	21419.85	21421.05	21417.35	21418.15	124	0	290
2024.12.30	11:15:00	21417.75	21418.05	21413.75	21416.25	115	0	290
2024.12.30	11:16:00	21415.85	21420.25	21415.15	21415.85	123	0	290
2024.12.30	11:17:00	21416.15	21417.75	21413.55	21414.35	92	0	290
2024.12.30	11:18:00	21416.35	21417.15	21405.35	21406.15	118	0	290
2024.12.30	11:19:00	21406.05	21407.85	21400.25	21400.25	144	0	290
2024.12.30	11:20:00	21399.35	21413.65	21399.35	21413.55	142	0	290
2024.12.30	11:21:00	21413.65	21416.25	21410.75	21411.25	98	0	290
2024.12.30	11:22:00	21410.05	21410.85	21407.65	21409.75	107	0	290
2024.12.30	11:23:00	21409.85	21414.15	21409.05	21413.25	92	0	290
2024.12.30	11:24:00	21413.65	21419.65	21412.55	21419.55	94	0	290
2024.12.30	11:25:00	21419.25	21421.85	21417.25	21421.35	102	0	280
2024.12.30	11:26:00	21421.55	21423.65	21420.75	21423.35	66	0	270
2024.12.30	11:27:00	21423.25	21430.65	21422.95	21430.45	101	0	270
2024.12.30	11:28:00	21429.85	21432.85	21426.55	21427.85	113	0	280
2024.12.30	11:29:00	21427.65	21428.25	21422.65	21423.35	115	0	290
2024.12.30	11:30:00	21423.15	21425.85	21420.65	21423.05	110	0	290
2024.12.30	11:31:00	21422.75	21422.75	21417.65	21418.35	101	0	290
2024.12.30	11:32:00	21418.15	21421.15	21415.65	21416.05	102	0	290
2024.12.30	11:33:00	21415.15	21421.55	21412.35	21420.15	125	0	280
2024.12.30	11:34:00	21420.05	21424.25	21419.85	21420.65	100	0	280
2024.12.30	11:35:00	21420.75	21426.15	21420.35	21423.45	116	0	280
2024.12.30	11:36:00	21423.35	21426.45	21421.35	21425.25	108	0	280
2024.12.30	11:37:00	21424.75	21427.65	21421.55	21421.55	131	0	290
2024.12.30	11:38:00	21421.65	21422.35	21416.85	21419.65	101	0	290
2024.12.30	11:39:00	21419.25	21421.55	21417.75	21421.25	85	0	290
2024.12.30	11:40:00	21421.55	21422.65	21419.35	21420.35	78	0	290
2024.12.30	11:41:00	21420.15	21421.35	21415.85	21420.35	95	0	290
2024.12.30	11:42:00	21420.05	21420.35	21412.75	21413.85	117	0	290
2024.12.30	11:43:00	21414.05	21420.75	21413.85	21420.75	102	0	290
2024.12.30	11:44:00	21420.65	21420.65	21416.25	21419.35	84	0	290
2024.12.30	11:45:00	21419.65	21419.65	21413.35	21418.25	83	0	290
2024.12.30	11:46:00	21418.35	21419.15	21413.65	21413.65	92	0	280
2024.12.30	11:47:00	21413.75	21417.15	21409.65	21417.15	106	0	280
2024.12.30	11:48:00	21417.25	21423.05	21417.25	21418.65	105	0	290
2024.12.30	11:49:00	21418.35	21419.85	21415.65	21419.65	85	0	290
2024.12.30	11:50:00	21419.55	21425.35	21419.25	21425.35	110	0	290
2024.12.30	11:51:00	21425.15	21428.75	21425.05	21427.75	94	0	290
2024.12.30	11:52:00	21428.15	21431.05	21427.35	21427.65	116	0	290
2024.12.30	11:53:00	21427.55	21428.75	21425.95	21425.95	118	0	280
2024.12.30	11:54:00	21426.15	21427.65	21423.85	21424.25	94	0	270
2024.12.30	11:55:00	21423.45	21429.05	21423.45	21428.75	93	0	250
2024.12.30	11:56:00	21428.95	21429.85	21423.25	21425.05	106	0	250
2024.12.30	11:57:00	21424.95	21427.95	21421.55	21421.55	67	0	260
2024.12.30	11:58:00	21421.55	21422.15	21417.45	21420.25	72	0	260
2024.12.30	11:59:00	21419.75	21422.75	21419.75	21420.95	72	0	260
2024.12.30	12:00:00	21420.95	21422.65	21417.65	21420.45	92	0	270
2024.12.30	12:01:00	21419.95	21422.25	21416.65	21422.15	75	0	270
2024.12.30	12:02:00	21421.65	21424.25	21419.75	21423.85	92	0	260
2024.12.30	12:03:00	21423.95	21428.35	21421.25	21427.05	85	0	260
2024.12.30	12:04:00	21427.35	21427.95	21425.85	21426.75	93	0	270
2024.12.30	12:05:00	21426.75	21429.25	21426.25	21428.35	94	0	250
2024.12.30	12:06:00	21428.25	21429.85	21426.05	21429.85	107	0	230
2024.12.30	12:07:00	21430.05	21434.05	21428.85	21433.05	103	0	240
2024.12.30	12:08:00	21432.35	21433.55	21428.75	21431.55	80	0	230
2024.12.30	12:09:00	21431.55	21433.75	21430.05	21431.95	88	0	240
2024.12.30	12:10:00	21431.75	21431.95	21429.15	21431.75	91	0	260
2024.12.30	12:11:00	21431.55	21436.15	21431.55	21435.05	81	0	260
2024.12.30	12:12:00	21435.05	21437.95	21434.65	21437.85	91	0	230
2024.12.30	12:13:00	21437.85	21441.65	21437.55	21438.15	94	0	200
2024.12.30	12:14:00	21437.75	21438.25	21433.15	21434.05	96	0	200
2024.12.30	12:15:00	21433.85	21437.65	21433.25	21434.35	87	0	200
2024.12.30	12:16:00	21434.75	21436.45	21433.75	21435.75	68	0	210
2024.12.30	12:17:00	21435.65	21436.95	21434.65	21436.65	84	0	220
2024.12.30	12:18:00	21436.95	21436.95	21434.65	21435.95	79	0	220
2024.12.30	12:19:00	21435.45	21438.25	21434.65	21438.05	68	0	200
2024.12.30	12:20:00	21437.95	21439.55	21436.25	21437.85	91	0	190
2024.12.30	12:21:00	21437.75	21437.75	21435.55	21436.45	65	0	180
2024.12.30	12:22:00	21436.65	21437.05	21432.45	21435.35	64	0	170
2024.12.30	12:23:00	21435.05	21435.55	21430.65	21433.15	75	0	170
2024.12.30	12:24:00	21433.05	21434.35	21431.15	21432.05	78	0	180
2024.12.30	12:25:00	21431.85	21432.05	21427.85	21429.35	90	0	190
2024.12.30	12:26:00	21429.75	21433.65	21428.55	21432.25	71	0	200
2024.12.30	12:27:00	21432.75	21436.65	21432.25	21433.95	79	0	270
2024.12.30	12:28:00	21433.85	21433.95	21429.05	21430.65	62	0	280
2024.12.30	12:29:00	21430.85	21430.85	21425.15	21429.85	73	0	280
2024.12.30	12:30:00	21429.85	21434.75	21429.75	21434.75	77	0	290
2024.12.30	12:31:00	21435.15	21435.15	21430.95	21431.45	52	0	280
2024.12.30	12:32:00	21431.45	21434.55	21430.85	21434.25	58	0	260
2024.12.30	12:33:00	21434.05	21434.55	21431.75	21432.25	56	0	250
2024.12.30	12:34:00	21432.25	21435.35	21432.25	21435.35	48	0	170
2024.12.30	12:35:00	21434.95	21435.95	21432.85	21434.25	63	0	160
2024.12.30	12:36:00	21434.45	21434.45	21431.85	21431.85	31	0	150
2024.12.30	12:37:00	21431.95	21433.45	21428.45	21430.65	78	0	150
2024.12.30	12:38:00	21430.65	21432.05	21430.05	21432.05	45	0	180
2024.12.30	12:39:00	21432.35	21432.35	21425.35	21425.65	70	0	180
2024.12.30	12:40:00	21425.75	21428.95	21425.65	21427.55	66	0	180
2024.12.30	12:41:00	21427.65	21430.85	21427.65	21430.75	35	0	190
2024.12.30	12:42:00	21430.85	21431.05	21427.65	21428.45	59	0	160
2024.12.30	12:43:00	21428.75	21428.75	21427.15	21427.75	46	0	160
2024.12.30	12:44:00	21427.45	21428.25	21426.25	21426.25	58	0	170
2024.12.30	12:45:00	21426.65	21427.75	21424.65	21426.45	71	0	160
2024.12.30	12:46:00	21426.65	21426.95	21422.65	21425.15	65	0	160
2024.12.30	12:47:00	21425.55	21427.15	21422.35	21422.85	71	0	190
2024.12.30	12:48:00	21423.05	21429.45	21422.35	21428.55	79	0	200
2024.12.30	12:49:00	21428.55	21429.85	21427.35	21429.25	71	0	230
2024.12.30	12:50:00	21429.35	21436.05	21429.35	21432.25	101	0	240
2024.12.30	12:51:00	21431.75	21433.45	21427.55	21427.95	82	0	260
2024.12.30	12:52:00	21428.45	21430.95	21428.15	21430.65	62	0	270
2024.12.30	12:53:00	21430.25	21431.75	21427.85	21428.95	66	0	260
2024.12.30	12:54:00	21428.75	21429.45	21426.15	21428.25	44	0	250
2024.12.30	12:55:00	21428.05	21431.35	21427.95	21430.35	49	0	220
2024.12.30	12:56:00	21430.65	21432.25	21429.95	21431.25	40	0	170
2024.12.30	12:57:00	21431.25	21431.25	21428.65	21428.95	38	0	160
2024.12.30	12:58:00	21428.65	21432.35	21428.55	21431.15	51	0	160
2024.12.30	12:59:00	21430.95	21431.65	21427.15	21427.85	46	0	170
2024.12.30	13:00:00	21427.85	21432.05	21427.85	21431.25	57	0	180
2024.12.30	13:01:00	21431.15	21432.85	21429.55	21432.85	48	0	180
2024.12.30	13:02:00	21432.75	21433.85	21432.25	21433.45	69	0	190
2024.12.30	13:03:00	21433.55	21433.85	21431.65	21433.15	53	0	170
2024.12.30	13:04:00	21432.65	21434.35	21432.65	21432.95	39	0	170
2024.12.30	13:05:00	21433.15	21433.15	21431.25	21432.65	52	0	160
2024.12.30	13:06:00	21432.25	21434.95	21432.05	21434.95	38	0	150
2024.12.30	13:07:00	21434.65	21435.05	21433.55	21433.55	55	0	150
2024.12.30	13:08:00	21433.65	21434.05	21432.55	21433.05	36	0	150
2024.12.30	13:09:00	21433.25	21433.35	21428.95	21429.05	49	0	150
2024.12.30	13:10:00	21428.95	21428.95	21426.45	21427.25	33	0	160
2024.12.30	13:11:00	21427.45	21428.65	21426.45	21427.15	68	0	160
2024.12.30	13:12:00	21426.95	21429.25	21426.75	21427.75	49	0	170
2024.12.30	13:13:00	21426.85	21430.35	21426.45	21430.35	50	0	170
2024.12.30	13:14:00	21430.15	21430.65	21429.35	21430.65	44	0	160
2024.12.30	13:15:00	21432.25	21434.35	21432.25	21433.15	48	0	160
2024.12.30	13:16:00	21433.65	21434.15	21432.25	21433.75	55	0	170
2024.12.30	13:17:00	21433.75	21433.85	21432.45	21433.25	32	0	170
2024.12.30	13:18:00	21433.15	21433.55	21428.95	21430.95	79	0	160
2024.12.30	13:19:00	21430.75	21432.25	21430.65	21432.25	43	0	170
2024.12.30	13:20:00	21432.35	21434.95	21432.35	21434.25	40	0	150
2024.12.30	13:21:00	21434.25	21436.55	21433.35	21436.55	48	0	150
2024.12.30	13:22:00	21436.45	21441.25	21436.45	21440.75	50	0	150
2024.12.30	13:23:00	21439.65	21442.25	21438.75	21439.45	72	0	160
2024.12.30	13:24:00	21439.75	21442.35	21439.25	21440.45	59	0	160
2024.12.30	13:25:00	21440.45	21443.75	21440.45	21442.65	80	0	170
2024.12.30	13:26:00	21442.95	21443.35	21442.05	21442.35	53	0	170
2024.12.30	13:27:00	21442.65	21444.45	21442.45	21443.25	53	0	170
2024.12.30	13:28:00	21443.25	21444.85	21441.95	21443.55	61	0	150
2024.12.30	13:29:00	21443.55	21444.05	21442.25	21443.35	56	0	150
2024.12.30	13:30:00	21443.35	21444.85	21442.05	21442.85	53	0	150
2024.12.30	13:31:00	21443.55	21443.85	21441.95	21443.55	44	0	150
2024.12.30	13:32:00	21443.75	21443.75	21440.95	21440.95	53	0	150
2024.12.30	13:33:00	21440.25	21440.25	21437.85	21439.25	67	0	160
2024.12.30	13:34:00	21439.15	21440.35	21436.15	21439.85	55	0	170
2024.12.30	13:35:00	21439.65	21441.45	21438.75	21440.85	50	0	180
2024.12.30	13:36:00	21441.05	21441.35	21438.85	21438.85	58	0	190
2024.12.30	13:37:00	21438.35	21438.65	21434.35	21436.15	52	0	190
2024.12.30	13:38:00	21436.35	21439.35	21436.05	21436.45	42	0	190
2024.12.30	13:39:00	21437.05	21437.35	21433.95	21436.75	70	0	190
2024.12.30	13:40:00	21436.95	21440.75	21436.75	21438.05	51	0	210
2024.12.30	13:41:00	21437.25	21439.45	21435.45	21439.45	49	0	210
2024.12.30	13:42:00	21439.25	21440.05	21438.75	21439.05	55	0	190
2024.12.30	13:43:00	21440.05	21441.25	21437.85	21439.75	60	0	200
2024.12.30	13:44:00	21439.65	21439.75	21436.35	21437.35	52	0	180
2024.12.30	13:45:00	21437.25	21438.65	21434.75	21436.25	54	0	190
2024.12.30	13:46:00	21436.35	21438.25	21436.15	21438.15	54	0	170
2024.12.30	13:47:00	21438.25	21439.25	21436.65	21437.65	48	0	170
2024.12.30	13:48:00	21437.45	21438.25	21435.25	21435.25	53	0	150
2024.12.30	13:49:00	21435.15	21436.05	21433.75	21434.25	51	0	150
2024.12.30	13:50:00	21433.85	21436.45	21433.85	21436.25	55	0	150
2024.12.30	13:51:00	21436.45	21437.85	21435.45	21435.55	54	0	150
2024.12.30	13:52:00	21435.45	21435.75	21432.05	21434.75	60	0	160
2024.12.30	13:53:00	21434.75	21435.25	21433.65	21434.55	31	0	160
2024.12.30	13:54:00	21434.25	21434.55	21431.75	21434.55	48	0	160
2024.12.30	13:55:00	21434.45	21434.55	21433.05	21434.05	50	0	160
2024.12.30	13:56:00	21433.95	21434.15	21431.95	21432.25	56	0	150
2024.12.30	13:57:00	21432.05	21432.05	21423.95	21424.15	106	0	160
2024.12.30	13:58:00	21424.15	21424.35	21419.15	21420.65	91	0	220
2024.12.30	13:59:00	21420.35	21424.95	21419.35	21423.95	126	0	240
2024.12.30	14:00:00	21425.25	21426.75	21419.45	21421.45	128	0	260
2024.12.30	14:01:00	21421.35	21424.85	21419.35	21424.15	92	0	280
2024.12.30	14:02:00	21424.55	21425.65	21421.05	21423.05	97	0	290
2024.12.30	14:03:00	21423.05	21427.05	21422.15	21424.35	79	0	290
2024.12.30	14:04:00	21424.55	21424.55	21421.05	21422.75	79	0	290
2024.12.30	14:05:00	21422.35	21426.45	21421.85	21425.55	84	0	280
2024.12.30	14:06:00	21425.45	21428.85	21425.45	21427.65	91	0	230
2024.12.30	14:07:00	21427.55	21430.05	21426.15	21426.85	56	0	190
2024.12.30	14:08:00	21427.85	21427.85	21423.05	21425.75	106	0	190
2024.12.30	14:09:00	21425.75	21429.35	21425.15	21429.15	69	0	210
2024.12.30	14:10:00	21428.95	21428.95	21424.15	21424.55	76	0	220
2024.12.30	14:11:00	21424.45	21424.45	21417.15	21417.45	109	0	210
2024.12.30	14:12:00	21417.35	21417.35	21411.55	21412.25	134	0	230
2024.12.30	14:13:00	21412.75	21413.05	21408.25	21410.85	125	0	240
2024.12.30	14:14:00	21410.35	21411.15	21407.55	21407.75	106	0	240
2024.12.30	14:15:00	21407.95	21413.35	21407.85	21411.15	103	0	260
2024.12.30	14:16:00	21410.45	21412.95	21408.15	21412.45	84	0	280
2024.12.30	14:17:00	21412.45	21414.15	21410.75	21414.15	83	0	260
2024.12.30	14:18:00	21413.75	21414.95	21410.85	21411.35	82	0	250
2024.12.30	14:19:00	21411.25	21411.55	21409.85	21410.95	68	0	210
2024.12.30	14:20:00	21410.55	21410.65	21399.85	21399.85	136	0	210
2024.12.30	14:21:00	21399.95	21402.25	21390.95	21394.95	157	0	220
2024.12.30	14:22:00	21394.85	21397.15	21392.05	21396.25	136	0	280
2024.12.30	14:23:00	21396.15	21398.55	21394.35	21395.65	110	0	290
2024.12.30	14:24:00	21395.55	21397.35	21391.25	21391.85	97	0	290
2024.12.30	14:25:00	21391.75	21391.75	21384.55	21384.85	123	0	290
2024.12.30	14:26:00	21386.05	21396.05	21386.05	21396.05	120	0	290
2024.12.30	14:27:00	21396.15	21397.35	21392.35	21394.55	90	0	290
2024.12.30	14:28:00	21395.05	21395.25	21390.75	21391.05	91	0	290
2024.12.30	14:29:00	21391.15	21394.35	21391.05	21391.85	87	0	290
2024.12.30	14:30:00	21392.05	21400.45	21390.75	21397.45	126	0	270
2024.12.30	14:31:00	21397.65	21397.65	21386.65	21386.65	140	0	270
2024.12.30	14:32:00	21386.35	21386.65	21362.25	21373.05	249	0	280
2024.12.30	14:33:00	21372.65	21380.35	21372.55	21374.35	196	0	290
2024.12.30	14:34:00	21374.35	21377.25	21364.85	21365.35	189	0	290
2024.12.30	14:35:00	21365.25	21371.35	21363.15	21363.55	203	0	290
2024.12.30	14:36:00	21363.65	21366.15	21348.55	21349.75	205	0	290
2024.12.30	14:37:00	21349.65	21352.25	21338.35	21339.35	239	0	290
2024.12.30	14:38:00	21339.35	21341.65	21331.75	21332.75	259	0	290
2024.12.30	14:39:00	21333.25	21335.85	21322.85	21327.75	264	0	290
2024.12.30	14:40:00	21327.55	21334.85	21325.65	21330.85	250	0	290
2024.12.30	14:41:00	21330.85	21330.85	21307.75	21307.75	248	0	290
2024.12.30	14:42:00	21308.55	21308.65	21296.35	21296.55	277	0	290
2024.12.30	14:43:00	21297.75	21297.75	21268.65	21277.05	317	0	290
2024.12.30	14:44:00	21276.35	21288.25	21272.75	21287.85	270	0	290
2024.12.30	14:45:00	21286.05	21300.05	21277.75	21299.05	271	0	290
2024.12.30	14:46:00	21298.75	21300.85	21290.05	21291.65	229	0	290
2024.12.30	14:47:00	21290.65	21297.85	21288.75	21292.15	178	0	290
2024.12.30	14:48:00	21292.05	21292.85	21254.35	21254.35	238	0	290
2024.12.30	14:49:00	21254.55	21256.85	21220.35	21242.55	317	0	290
2024.12.30	14:50:00	21244.55	21253.05	21233.65	21241.15	289	0	290
2024.12.30	14:51:00	21241.05	21250.05	21238.05	21247.65	248	0	290
2024.12.30	14:52:00	21246.25	21253.85	21239.35	21253.85	221	0	290
2024.12.30	14:53:00	21251.65	21262.35	21248.15	21255.75	222	0	290
2024.12.30	14:54:00	21255.35	21265.55	21249.05	21250.55	225	0	290
2024.12.30	14:55:00	21250.65	21264.15	21244.55	21260.85	227	0	290
2024.12.30	14:56:00	21260.15	21273.35	21258.05	21270.15	243	0	290
2024.12.30	14:57:00	21268.85	21268.85	21260.15	21261.25	190	0	290
2024.12.30	14:58:00	21262.75	21262.75	21256.65	21257.85	171	0	290
2024.12.30	14:59:00	21257.65	21262.15	21256.05	21259.85	177	0	290
2024.12.30	15:00:00	21257.65	21269.65	21251.05	21269.55	222	0	290
2024.12.30	15:01:00	21269.55	21269.55	21263.25	21267.25	199	0	290
2024.12.30	15:02:00	21267.15	21272.75	21263.75	21269.55	238	0	290
2024.12.30	15:03:00	21270.25	21271.75	21258.25	21265.55	256	0	290
2024.12.30	15:04:00	21265.55	21270.85	21263.75	21264.15	217	0	290
2024.12.30	15:05:00	21264.15	21264.85	21248.75	21250.55	253	0	290
2024.12.30	15:06:00	21251.05	21253.35	21244.35	21247.85	253	0	290
2024.12.30	15:07:00	21247.55	21260.05	21247.55	21257.75	222	0	290
2024.12.30	15:08:00	21258.35	21263.05	21247.65	21248.05	218	0	290
2024.12.30	15:09:00	21247.65	21248.05	21243.35	21247.85	206	0	290
2024.12.30	15:10:00	21248.25	21250.55	21245.25	21249.35	183	0	290
2024.12.30	15:11:00	21249.05	21249.05	21231.85	21233.25	196	0	290
2024.12.30	15:12:00	21233.35	21248.05	21233.35	21242.75	226	0	290
2024.12.30	15:13:00	21243.05	21246.65	21235.85	21235.85	233	0	290
2024.12.30	15:14:00	21236.15	21241.25	21232.05	21232.35	218	0	290
2024.12.30	15:15:00	21232.15	21232.55	21223.05	21223.65	224	0	290
2024.12.30	15:16:00	21223.75	21239.85	21222.75	21239.65	246	0	290
2024.12.30	15:17:00	21239.35	21243.35	21236.85	21240.25	222	0	290
2024.12.30	15:18:00	21240.35	21244.85	21237.85	21240.55	218	0	290
2024.12.30	15:19:00	21240.65	21258.55	21240.15	21257.05	216	0	290
2024.12.30	15:20:00	21256.85	21260.65	21249.35	21250.35	232	0	290
2024.12.30	15:21:00	21250.15	21257.75	21250.15	21251.25	178	0	290
2024.12.30	15:22:00	21251.15	21252.85	21245.15	21247.15	197	0	290
2024.12.30	15:23:00	21247.05	21250.05	21240.85	21250.05	201	0	290
2024.12.30	15:24:00	21250.15	21259.05	21249.15	21256.25	202	0	290
2024.12.30	15:25:00	21256.25	21257.05	21251.55	21253.05	181	0	290
2024.12.30	15:26:00	21253.15	21253.75	21248.35	21251.75	181	0	290
2024.12.30	15:27:00	21251.85	21252.05	21245.65	21245.65	165	0	290
2024.12.30	15:28:00	21245.55	21245.75	21235.85	21243.15	213	0	290
2024.12.30	15:29:00	21243.65	21244.15	21236.15	21239.85	197	0	290
2024.12.30	15:30:00	21239.65	21250.85	21236.75	21249.65	225	0	290
2024.12.30	15:31:00	21249.85	21251.15	21229.35	21232.35	231	0	290
2024.12.30	15:32:00	21231.25	21239.75	21228.65	21231.55	223	0	290
2024.12.30	15:33:00	21231.35	21235.05	21226.55	21226.85	201	0	290
2024.12.30	15:34:00	21226.75	21235.65	21225.25	21225.35	215	0	290
2024.12.30	15:35:00	21225.25	21227.15	21190.65	21193.25	281	0	290
2024.12.30	15:36:00	21193.15	21194.65	21179.85	21181.85	308	0	290
2024.12.30	15:37:00	21181.65	21183.75	21172.25	21175.65	303	0	290
2024.12.30	15:38:00	21175.25	21184.15	21171.85	21184.05	270	0	290
2024.12.30	15:39:00	21182.65	21191.75	21179.15	21179.15	270	0	290
2024.12.30	15:40:00	21177.85	21184.15	21174.15	21182.75	267	0	290
2024.12.30	15:41:00	21183.65	21201.65	21178.35	21200.65	274	0	290
2024.12.30	15:42:00	21200.15	21200.55	21190.25	21190.35	266	0	290
2024.12.30	15:43:00	21190.65	21191.15	21180.35	21182.65	243	0	290
2024.12.30	15:44:00	21182.75	21189.55	21177.75	21177.85	248	0	290
2024.12.30	15:45:00	21177.85	21183.15	21159.15	21164.65	270	0	290
2024.12.30	15:46:00	21164.25	21169.75	21157.35	21160.35	280	0	290
2024.12.30	15:47:00	21159.55	21173.65	21159.55	21170.65	249	0	290
2024.12.30	15:48:00	21170.75	21184.05	21168.35	21182.55	250	0	290
2024.12.30	15:49:00	21182.55	21183.15	21171.75	21172.05	237	0	290
2024.12.30	15:50:00	21172.05	21172.05	21162.35	21163.75	252	0	290
2024.12.30	15:51:00	21163.65	21176.25	21160.25	21173.25	266	0	290
2024.12.30	15:52:00	21173.55	21180.75	21168.65	21171.15	251	0	290
2024.12.30	15:53:00	21170.65	21171.55	21155.55	21163.05	256	0	290
2024.12.30	15:54:00	21163.05	21168.65	21147.15	21155.35	274	0	290
2024.12.30	15:55:00	21155.15	21157.25	21145.15	21146.85	248	0	290
2024.12.30	15:56:00	21146.75	21149.05	21135.85	21135.85	259	0	290
2024.12.30	15:57:00	21136.55	21149.75	21136.05	21145.35	265	0	290
2024.12.30	15:58:00	21145.15	21157.85	21141.85	21155.75	267	0	290
2024.12.30	15:59:00	21155.85	21158.85	21146.15	21155.15	249	0	290
2024.12.30	16:00:00	21155.55	21162.35	21152.55	21155.85	274	0	290
2024.12.30	16:01:00	21156.25	21157.35	21152.15	21152.25	227	0	290
2024.12.30	16:02:00	21152.25	21162.25	21152.15	21156.35	249	0	290
2024.12.30	16:03:00	21156.55	21161.65	21152.85	21156.35	209	0	290
2024.12.30	16:04:00	21156.65	21178.75	21155.85	21175.05	255	0	290
2024.12.30	16:05:00	21175.75	21201.85	21175.35	21194.35	288	0	290
2024.12.30	16:06:00	21194.05	21194.55	21184.55	21187.65	258	0	290
2024.12.30	16:07:00	21185.05	21188.65	21169.15	21175.65	265	0	290
2024.12.30	16:08:00	21175.85	21187.05	21171.15	21181.85	248	0	290
2024.12.30	16:09:00	21182.15	21184.75	21174.25	21182.85	235	0	290
2024.12.30	16:10:00	21183.25	21183.25	21170.65	21170.85	217	0	290
2024.12.30	16:11:00	21172.15	21188.35	21171.35	21183.75	242	0	290
2024.12.30	16:12:00	21182.85	21200.35	21182.85	21198.25	266	0	290
2024.12.30	16:13:00	21197.35	21200.05	21191.85	21194.35	260	0	290
2024.12.30	16:14:00	21193.75	21195.65	21185.85	21191.55	263	0	290
2024.12.30	16:15:00	21190.85	21191.75	21185.05	21186.65	224	0	290
2024.12.30	16:16:00	21186.55	21192.25	21179.65	21180.65	187	0	290
2024.12.30	16:17:00	21180.85	21183.85	21175.15	21180.75	219	0	290
2024.12.30	16:18:00	21181.05	21183.65	21175.05	21177.85	224	0	290
2024.12.30	16:19:00	21178.05	21187.15	21175.55	21186.75	219	0	290
2024.12.30	16:20:00	21186.55	21193.25	21186.55	21187.85	217	0	290
2024.12.30	16:21:00	21188.05	21190.35	21182.05	21183.35	226	0	290
2024.12.30	16:22:00	21183.65	21183.65	21169.15	21172.25	255	0	290
2024.12.30	16:23:00	21172.25	21180.15	21172.25	21174.65	211	0	290
2024.12.30	16:24:00	21174.55	21174.65	21163.15	21165.65	276	0	290
2024.12.30	16:25:00	21165.75	21184.35	21161.35	21183.15	272	0	290
2024.12.30	16:26:00	21182.85	21185.15	21176.65	21178.35	219	0	290
2024.12.30	16:27:00	21178.55	21182.65	21171.55	21182.65	262	0	290
2024.12.30	16:28:00	21182.65	21192.25	21176.65	21186.65	270	0	290
2024.12.30	16:29:00	21185.25	21185.75	21180.05	21184.55	282	0	290
2024.12.30	16:30:00	21185.55	21192.85	21163.25	21174.75	337	0	150
2024.12.30	16:31:00	21173.85	21180.05	21148.45	21171.05	338	0	150
2024.12.30	16:32:00	21169.75	21182.25	21156.45	21165.95	339	0	150
2024.12.30	16:33:00	21164.35	21172.95	21120.95	21131.75	339	0	150
2024.12.30	16:34:00	21130.35	21141.95	21118.35	21126.45	338	0	150
2024.12.30	16:35:00	21125.75	21151.55	21108.55	21141.85	331	0	150
2024.12.30	16:36:00	21139.95	21140.05	21117.95	21123.35	323	0	150
2024.12.30	16:37:00	21123.85	21143.75	21120.55	21141.75	322	0	150
2024.12.30	16:38:00	21142.35	21159.55	21142.35	21154.55	323	0	150
2024.12.30	16:39:00	21154.05	21164.35	21137.55	21140.95	321	0	150
2024.12.30	16:40:00	21144.85	21158.25	21133.55	21147.45	321	0	150
2024.12.30	16:41:00	21147.35	21147.35	21115.95	21133.85	334	0	150
2024.12.30	16:42:00	21132.85	21132.85	21100.05	21109.55	327	0	150
2024.12.30	16:43:00	21109.35	21109.35	21089.75	21091.35	312	0	150
2024.12.30	16:44:00	21091.85	21111.75	21087.55	21111.25	329	0	150
2024.12.30	16:45:00	21110.35	21111.45	21088.35	21097.55	330	0	150
2024.12.30	16:46:00	21097.55	21099.05	21074.75	21093.05	328	0	150
2024.12.30	16:47:00	21089.85	21102.55	21081.55	21096.55	317	0	150
2024.12.30	16:48:00	21098.25	21104.85	21089.85	21095.55	317	0	150
2024.12.30	16:49:00	21095.35	21114.35	21088.55	21108.05	310	0	150
2024.12.30	16:50:00	21107.05	21142.25	21098.75	21138.85	314	0	150
2024.12.30	16:51:00	21137.85	21141.55	21127.95	21135.85	328	0	150
2024.12.30	16:52:00	21133.95	21137.05	21115.85	21116.05	303	0	150
2024.12.30	16:53:00	21115.55	21119.35	21101.75	21102.05	308	0	150
2024.12.30	16:54:00	21103.05	21108.85	21096.05	21102.05	303	0	150
2024.12.30	16:55:00	21102.55	21122.55	21099.05	21122.05	310	0	150
2024.12.30	16:56:00	21122.05	21124.35	21102.05	21105.55	302	0	150
2024.12.30	16:57:00	21105.85	21105.85	21062.75	21076.05	316	0	150
2024.12.30	16:58:00	21075.85	21089.95	21072.85	21075.55	310	0	150
2024.12.30	16:59:00	21073.95	21074.55	21061.35	21066.35	309	0	150
2024.12.30	17:00:00	21065.25	21065.25	21033.85	21042.95	327	0	150
2024.12.30	17:01:00	21042.95	21082.05	21030.95	21079.35	328	0	150
2024.12.30	17:02:00	21083.45	21112.35	21060.35	21060.35	332	0	150
2024.12.30	17:03:00	21061.35	21068.25	21051.85	21058.05	323	0	150
2024.12.30	17:04:00	21058.35	21094.85	21057.55	21084.95	312	0	150
2024.12.30	17:05:00	21085.05	21091.05	21076.45	21088.25	325	0	150
2024.12.30	17:06:00	21086.45	21096.55	21069.95	21088.45	317	0	150
2024.12.30	17:07:00	21087.75	21102.25	21078.05	21099.95	320	0	150
2024.12.30	17:08:00	21101.75	21101.75	21077.95	21082.75	308	0	150
2024.12.30	17:09:00	21081.85	21087.35	21077.95	21080.45	309	0	150
2024.12.30	17:10:00	21080.75	21089.25	21061.05	21082.85	311	0	150
2024.12.30	17:11:00	21084.45	21105.35	21079.25	21104.35	322	0	150
2024.12.30	17:12:00	21101.85	21113.75	21089.25	21113.75	317	0	150
2024.12.30	17:13:00	21112.95	21116.25	21092.45	21103.45	323	0	150
2024.12.30	17:14:00	21103.25	21131.75	21101.75	21128.45	318	0	150
2024.12.30	17:15:00	21128.45	21128.45	21106.25	21125.75	310	0	150
2024.12.30	17:16:00	21123.25	21124.45	21105.95	21106.95	302	0	150
2024.12.30	17:17:00	21105.55	21108.75	21072.95	21073.45	321	0	150
2024.12.30	17:18:00	21072.75	21098.45	21071.45	21077.95	314	0	150
2024.12.30	17:19:00	21078.45	21095.75	21075.85	21075.95	310	0	150
2024.12.30	17:20:00	21076.25	21091.05	21069.25	21072.45	300	0	150
2024.12.30	17:21:00	21072.05	21085.35	21064.35	21083.55	313	0	150
2024.12.30	17:22:00	21079.75	21086.95	21074.25	21081.05	327	0	150
2024.12.30	17:23:00	21081.95	21081.95	21061.85	21061.85	311	0	150
2024.12.30	17:24:00	21063.05	21064.95	21040.45	21046.05	312	0	150
2024.12.30	17:25:00	21043.25	21077.95	21041.35	21072.25	320	0	150
2024.12.30	17:26:00	21071.85	21074.25	21053.55	21053.55	317	0	150
2024.12.30	17:27:00	21054.85	21063.35	21044.45	21053.75	324	0	150
2024.12.30	17:28:00	21051.35	21061.25	21049.75	21051.45	313	0	150
2024.12.30	17:29:00	21051.25	21066.25	21051.25	21058.25	318	0	150
2024.12.30	17:30:00	21056.95	21074.35	21055.25	21062.55	321	0	150
2024.12.30	17:31:00	21062.05	21073.25	21054.95	21073.25	312	0	150
2024.12.30	17:32:00	21074.05	21077.05	21057.05	21066.55	314	0	150
2024.12.30	17:33:00	21064.05	21088.55	21060.55	21071.05	317	0	150
2024.12.30	17:34:00	21069.95	21085.05	21067.95	21082.05	303	0	150
2024.12.30	17:35:00	21077.85	21081.85	21065.35	21065.35	302	0	150
2024.12.30	17:36:00	21067.05	21075.55	21059.05	21060.05	305	0	150
2024.12.30	17:37:00	21058.75	21105.85	21058.75	21101.05	324	0	150
2024.12.30	17:38:00	21100.85	21108.95	21093.85	21100.05	316	0	150
2024.12.30	17:39:00	21101.35	21146.35	21093.95	21139.95	328	0	150
2024.12.30	17:40:00	21140.35	21155.95	21128.45	21133.85	332	0	150
2024.12.30	17:41:00	21132.85	21138.75	21122.95	21126.95	321	0	150
2024.12.30	17:42:00	21126.05	21141.55	21119.75	21136.85	311	0	150
2024.12.30	17:43:00	21136.85	21143.75	21132.55	21136.85	302	0	150
2024.12.30	17:44:00	21135.95	21157.85	21133.35	21148.75	323	0	150
2024.12.30	17:45:00	21146.95	21179.55	21142.25	21169.55	323	0	150
2024.12.30	17:46:00	21166.75	21168.95	21127.45	21132.25	321	0	150
2024.12.30	17:47:00	21132.25	21132.95	21112.55	21118.35	321	0	150
2024.12.30	17:48:00	21117.25	21123.05	21096.25	21103.45	324	0	150
2024.12.30	17:49:00	21103.95	21104.55	21088.05	21101.25	328	0	150
2024.12.30	17:50:00	21101.45	21120.45	21089.55	21090.45	324	0	150
2024.12.30	17:51:00	21092.45	21105.25	21088.35	21101.45	315	0	150
2024.12.30	17:52:00	21102.45	21105.95	21080.45	21105.95	327	0	150
2024.12.30	17:53:00	21105.25	21107.45	21093.75	21102.45	307	0	150
2024.12.30	17:54:00	21101.85	21110.25	21096.85	21105.55	307	0	150
2024.12.30	17:55:00	21105.55	21125.45	21103.25	21124.75	309	0	150
2024.12.30	17:56:00	21123.25	21141.05	21122.05	21134.05	311	0	150
2024.12.30	17:57:00	21132.05	21140.05	21122.95	21125.25	310	0	150
2024.12.30	17:58:00	21125.25	21138.05	21123.05	21132.35	300	0	150
2024.12.30	17:59:00	21133.35	21149.95	21130.55	21149.85	306	0	150
2024.12.30	18:00:00	21148.85	21152.35	21140.05	21145.35	312	0	150
2024.12.30	18:01:00	21142.85	21142.85	21122.55	21128.85	322	0	150
2024.12.30	18:02:00	21127.85	21136.95	21118.75	21131.05	310	0	150
2024.12.30	18:03:00	21130.85	21135.45	21119.85	21125.85	314	0	150
2024.12.30	18:04:00	21125.55	21139.35	21120.25	21135.05	292	0	150
2024.12.30	18:05:00	21135.25	21148.85	21134.45	21147.35	298	0	150
2024.12.30	18:06:00	21147.05	21147.05	21133.35	21138.35	293	0	150
2024.12.30	18:07:00	21135.55	21146.85	21132.25	21142.85	284	0	150
2024.12.30	18:08:00	21141.85	21145.55	21131.55	21144.35	271	0	150
2024.12.30	18:09:00	21142.35	21154.55	21135.85	21152.85	274	0	150
2024.12.30	18:10:00	21152.45	21158.45	21141.85	21143.95	304	0	150
2024.12.30	18:11:00	21144.35	21150.35	21139.55	21141.95	275	0	150
2024.12.30	18:12:00	21143.35	21145.35	21132.35	21138.85	292	0	150
2024.12.30	18:13:00	21137.75	21143.85	21135.35	21139.05	259	0	150
2024.12.30	18:14:00	21139.05	21148.85	21135.75	21143.95	276	0	150
2024.12.30	18:15:00	21143.45	21160.05	21139.25	21158.05	276	0	150
2024.12.30	18:16:00	21158.85	21162.05	21146.05	21157.55	275	0	150
2024.12.30	18:17:00	21157.55	21160.35	21147.35	21153.55	268	0	150
2024.12.30	18:18:00	21154.05	21187.75	21151.35	21187.55	292	0	150
2024.12.30	18:19:00	21187.55	21190.35	21179.25	21188.35	298	0	150
2024.12.30	18:20:00	21188.85	21198.55	21183.95	21198.35	287	0	150
2024.12.30	18:21:00	21198.55	21201.05	21187.55	21187.75	300	0	150
2024.12.30	18:22:00	21185.25	21188.95	21171.05	21173.05	278	0	150
2024.12.30	18:23:00	21173.55	21175.05	21161.75	21161.75	288	0	150
2024.12.30	18:24:00	21164.75	21167.05	21156.75	21161.95	289	0	150
2024.12.30	18:25:00	21161.45	21163.85	21154.55	21160.85	270	0	150
2024.12.30	18:26:00	21160.25	21167.45	21158.85	21163.05	285	0	150
2024.12.30	18:27:00	21162.85	21173.85	21153.05	21167.55	290	0	150
2024.12.30	18:28:00	21168.25	21169.25	21156.05	21158.35	271	0	150
2024.12.30	18:29:00	21159.05	21177.25	21159.05	21175.75	266	0	150
2024.12.30	18:30:00	21174.85	21185.05	21173.35	21181.05	283	0	150
2024.12.30	18:31:00	21181.55	21190.45	21176.95	21178.55	263	0	150
2024.12.30	18:32:00	21178.05	21184.75	21173.05	21178.85	261	0	150
2024.12.30	18:33:00	21178.75	21189.35	21175.85	21185.95	258	0	150
2024.12.30	18:34:00	21184.95	21200.45	21183.05	21192.85	270	0	140
2024.12.30	18:35:00	21193.35	21196.25	21185.95	21191.75	277	0	140
2024.12.30	18:36:00	21191.75	21209.75	21190.05	21209.55	267	0	140
2024.12.30	18:37:00	21209.05	21209.05	21200.05	21200.55	266	0	130
2024.12.30	18:38:00	21201.35	21203.05	21195.25	21198.45	257	0	130
2024.12.30	18:39:00	21197.85	21212.35	21194.35	21210.35	267	0	130
2024.12.30	18:40:00	21209.85	21218.25	21206.55	21216.25	297	0	130
2024.12.30	18:41:00	21216.85	21223.65	21209.55	21221.35	286	0	130
2024.12.30	18:42:00	21221.35	21234.55	21218.35	21234.55	285	0	130
2024.12.30	18:43:00	21234.35	21241.85	21229.95	21235.75	298	0	140
2024.12.30	18:44:00	21235.05	21239.35	21229.45	21236.05	291	0	150
2024.12.30	18:45:00	21235.45	21240.25	21218.75	21220.95	294	0	150
2024.12.30	18:46:00	21221.45	21225.45	21209.95	21219.35	287	0	150
2024.12.30	18:47:00	21219.75	21220.85	21210.45	21214.95	278	0	150
2024.12.30	18:48:00	21214.75	21214.95	21200.05	21201.05	290	0	150
2024.12.30	18:49:00	21200.45	21203.35	21191.55	21194.75	300	0	150
2024.12.30	18:50:00	21195.55	21219.55	21193.75	21216.75	298	0	150
2024.12.30	18:51:00	21214.35	21224.05	21209.95	21213.05	284	0	150
2024.12.30	18:52:00	21212.75	21226.75	21209.55	21224.95	266	0	150
2024.12.30	18:53:00	21223.85	21226.95	21213.85	21219.85	282	0	150
2024.12.30	18:54:00	21219.75	21223.35	21215.45	21223.05	256	0	150
2024.12.30	18:55:00	21223.35	21228.55	21218.05	21227.55	264	0	150
2024.12.30	18:56:00	21226.55	21239.55	21221.95	21237.45	278	0	150
2024.12.30	18:57:00	21236.35	21236.75	21224.55	21229.95	261	0	150
2024.12.30	18:58:00	21229.85	21235.25	21225.35	21228.85	257	0	140
2024.12.30	18:59:00	21229.35	21247.25	21228.15	21237.45	285	0	140
2024.12.30	19:00:00	21236.95	21251.85	21235.05	21248.45	291	0	150
2024.12.30	19:01:00	21249.75	21259.45	21247.05	21254.85	286	0	150
2024.12.30	19:02:00	21255.25	21267.75	21252.75	21264.95	289	0	140
2024.12.30	19:03:00	21265.45	21267.75	21261.75	21266.25	277	0	150
2024.12.30	19:04:00	21266.45	21266.85	21248.75	21250.85	267	0	150
2024.12.30	19:05:00	21250.55	21256.95	21248.25	21249.55	277	0	150
2024.12.30	19:06:00	21250.45	21250.85	21225.25	21228.95	287	0	150
2024.12.30	19:07:00	21229.85	21243.95	21226.05	21242.75	277	0	150
2024.12.30	19:08:00	21242.85	21251.25	21240.45	21248.25	286	0	150
2024.12.30	19:09:00	21248.45	21250.25	21241.35	21245.55	269	0	150
2024.12.30	19:10:00	21245.75	21267.35	21245.75	21266.95	271	0	150
2024.12.30	19:11:00	21267.25	21269.45	21259.25	21265.15	287	0	140
2024.12.30	19:12:00	21266.15	21271.65	21259.15	21270.15	275	0	140
2024.12.30	19:13:00	21270.85	21270.85	21256.05	21261.35	266	0	140
2024.12.30	19:14:00	21261.55	21262.65	21250.85	21252.75	269	0	140
2024.12.30	19:15:00	21252.45	21258.85	21248.75	21256.55	258	0	140
2024.12.30	19:16:00	21256.95	21259.55	21252.25	21259.35	262	0	140
2024.12.30	19:17:00	21259.35	21261.45	21251.35	21259.15	219	0	130
2024.12.30	19:18:00	21259.85	21261.85	21256.85	21260.95	245	0	130
2024.12.30	19:19:00	21260.85	21264.45	21255.15	21263.85	272	0	120
2024.12.30	19:20:00	21264.25	21274.45	21260.65	21272.35	265	0	120
2024.12.30	19:21:00	21272.05	21277.15	21263.85	21270.35	284	0	120
2024.12.30	19:22:00	21269.45	21278.85	21265.85	21278.85	248	0	130
2024.12.30	19:23:00	21279.25	21289.45	21276.25	21277.05	276	0	140
2024.12.30	19:24:00	21275.35	21286.45	21275.35	21286.45	270	0	150
2024.12.30	19:25:00	21286.25	21291.05	21279.95	21280.55	243	0	150
2024.12.30	19:26:00	21280.45	21287.55	21275.25	21279.85	253	0	140
2024.12.30	19:27:00	21279.85	21287.05	21271.75	21286.75	262	0	140
2024.12.30	19:28:00	21287.05	21296.95	21284.95	21294.95	243	0	130
2024.12.30	19:29:00	21295.45	21296.85	21288.95	21293.05	245	0	130
2024.12.30	19:30:00	21293.15	21294.85	21288.45	21290.65	261	0	120
2024.12.30	19:31:00	21290.65	21303.95	21288.95	21301.55	274	0	120
2024.12.30	19:32:00	21301.65	21302.15	21296.75	21300.65	263	0	110
2024.12.30	19:33:00	21301.55	21302.55	21290.15	21292.05	258	0	100
2024.12.30	19:34:00	21292.25	21305.95	21291.85	21303.95	273	0	90
2024.12.30	19:35:00	21304.05	21307.45	21296.15	21297.85	249	0	100
2024.12.30	19:36:00	21297.45	21299.15	21284.25	21285.85	271	0	120
2024.12.30	19:37:00	21286.25	21298.95	21285.35	21296.55	256	0	120
2024.12.30	19:38:00	21296.45	21301.35	21295.05	21298.05	254	0	130
2024.12.30	19:39:00	21297.65	21303.95	21295.05	21303.85	243	0	120
2024.12.30	19:40:00	21304.15	21306.35	21298.55	21300.95	252	0	130
2024.12.30	19:41:00	21300.95	21302.85	21297.25	21301.45	257	0	120
2024.12.30	19:42:00	21301.15	21301.25	21288.65	21291.05	304	0	120
2024.12.30	19:43:00	21291.55	21310.35	21290.65	21309.95	263	0	130
2024.12.30	19:44:00	21310.55	21318.65	21307.85	21315.55	269	0	130
2024.12.30	19:45:00	21315.55	21317.05	21309.55	21315.85	252	0	130
2024.12.30	19:46:00	21315.65	21321.95	21313.65	21317.85	270	0	130
2024.12.30	19:47:00	21317.35	21335.15	21316.55	21330.35	259	0	120
2024.12.30	19:48:00	21330.05	21339.45	21327.35	21338.65	291	0	130
2024.12.30	19:49:00	21338.65	21341.75	21332.55	21337.05	274	0	130
2024.12.30	19:50:00	21337.85	21341.35	21332.75	21337.35	269	0	130
2024.12.30	19:51:00	21337.45	21344.25	21334.25	21336.65	255	0	130
2024.12.30	19:52:00	21336.35	21337.85	21323.05	21328.45	267	0	140
2024.12.30	19:53:00	21328.55	21331.05	21325.95	21327.35	195	0	150
2024.12.30	19:54:00	21325.35	21327.55	21302.75	21304.35	288	0	150
2024.12.30	19:55:00	21304.55	21308.75	21295.35	21307.75	296	0	150
2024.12.30	19:56:00	21307.35	21307.45	21279.75	21284.55	307	0	150
2024.12.30	19:57:00	21285.55	21288.45	21268.55	21285.35	317	0	150
2024.12.30	19:58:00	21285.35	21306.95	21281.05	21306.55	284	0	150
2024.12.30	19:59:00	21306.35	21342.45	21305.95	21330.05	311	0	150
2024.12.30	20:00:00	21330.85	21332.85	21296.05	21298.55	294	0	150
2024.12.30	20:01:00	21299.35	21317.05	21297.05	21311.35	293	0	150
2024.12.30	20:02:00	21310.95	21313.05	21293.05	21294.35	263	0	150
2024.12.30	20:03:00	21294.35	21310.45	21294.35	21297.75	253	0	150
2024.12.30	20:04:00	21297.85	21302.55	21291.55	21298.35	257	0	150
2024.12.30	20:05:00	21297.85	21305.35	21295.05	21296.55	273	0	150
2024.12.30	20:06:00	21296.85	21300.85	21283.95	21298.55	283	0	150
2024.12.30	20:07:00	21298.85	21312.05	21294.85	21311.55	288	0	150
2024.12.30	20:08:00	21311.85	21314.55	21302.55	21308.25	260	0	150
2024.12.30	20:09:00	21308.35	21313.95	21303.85	21309.55	253	0	150
2024.12.30	20:10:00	21309.85	21323.05	21308.55	21314.85	274	0	150
2024.12.30	20:11:00	21314.85	21327.05	21307.55	21326.85	262	0	150
2024.12.30	20:12:00	21327.35	21328.45	21320.25	21323.05	274	0	150
2024.12.30	20:13:00	21323.05	21333.45	21321.05	21332.35	258	0	150
2024.12.30	20:14:00	21332.35	21341.45	21328.35	21332.95	292	0	150
2024.12.30	20:15:00	21333.85	21339.55	21328.25	21336.35	276	0	150
2024.12.30	20:16:00	21336.85	21345.75	21325.55	21326.55	285	0	150
2024.12.30	20:17:00	21327.05	21331.75	21317.05	21321.45	287	0	150
2024.12.30	20:18:00	21322.45	21330.75	21321.85	21325.05	245	0	150
2024.12.30	20:19:00	21325.05	21325.05	21306.05	21316.95	261	0	150
2024.12.30	20:20:00	21316.05	21324.55	21315.85	21321.05	249	0	150
2024.12.30	20:21:00	21320.55	21324.75	21315.45	21322.55	276	0	150
2024.12.30	20:22:00	21322.85	21326.35	21314.35	21317.75	264	0	150
2024.12.30	20:23:00	21318.05	21320.45	21295.55	21303.75	296	0	150
2024.12.30	20:24:00	21303.55	21304.45	21287.05	21288.55	298	0	150
2024.12.30	20:25:00	21288.55	21296.05	21285.85	21296.05	278	0	150
2024.12.30	20:26:00	21296.05	21296.45	21265.75	21282.05	300	0	150
2024.12.30	20:27:00	21281.85	21287.55	21272.85	21286.05	284	0	150
2024.12.30	20:28:00	21286.35	21307.25	21286.35	21306.25	285	0	150
2024.12.30	20:29:00	21306.25	21312.25	21299.35	21299.55	265	0	150
2024.12.30	20:30:00	21298.05	21301.45	21291.85	21295.05	295	0	150
2024.12.30	20:31:00	21294.95	21307.35	21291.05	21305.25	267	0	150
2024.12.30	20:32:00	21305.55	21312.05	21302.35	21302.95	267	0	150
2024.12.30	20:33:00	21303.35	21321.85	21302.75	21319.35	267	0	150
2024.12.30	20:34:00	21320.05	21328.05	21319.85	21325.05	262	0	150
2024.12.30	20:35:00	21325.05	21335.05	21323.95	21327.85	276	0	150
2024.12.30	20:36:00	21328.45	21330.85	21298.35	21299.55	284	0	150
2024.12.30	20:37:00	21299.05	21306.55	21291.85	21303.85	277	0	150
2024.12.30	20:38:00	21304.75	21313.95	21303.85	21311.85	226	0	150
2024.12.30	20:39:00	21311.55	21316.35	21307.55	21313.85	247	0	150
2024.12.30	20:40:00	21314.35	21319.95	21313.75	21317.35	239	0	150
2024.12.30	20:41:00	21316.75	21318.85	21309.55	21314.05	250	0	150
2024.12.30	20:42:00	21314.55	21317.75	21307.35	21315.55	226	0	150
2024.12.30	20:43:00	21316.35	21328.75	21316.05	21322.45	260	0	150
2024.12.30	20:44:00	21323.05	21337.75	21322.55	21328.25	253	0	140
2024.12.30	20:45:00	21329.45	21332.35	21323.85	21330.55	205	0	150
2024.12.30	20:46:00	21330.55	21336.35	21326.95	21326.95	218	0	150
2024.12.30	20:47:00	21327.75	21342.75	21327.75	21340.65	271	0	130
2024.12.30	20:48:00	21340.55	21340.85	21329.15	21335.05	264	0	140
2024.12.30	20:49:00	21333.15	21340.65	21325.45	21326.25	263	0	120
2024.12.30	20:50:00	21327.15	21336.55	21326.45	21326.45	262	0	120
2024.12.30	20:51:00	21326.65	21326.65	21311.65	21320.25	265	0	120
2024.12.30	20:52:00	21320.85	21330.55	21319.85	21328.65	240	0	140
2024.12.30	20:53:00	21329.35	21329.35	21312.65	21313.25	256	0	130
2024.12.30	20:54:00	21313.15	21325.95	21309.75	21324.85	249	0	140
2024.12.30	20:55:00	21324.85	21327.75	21321.35	21324.75	237	0	140
2024.12.30	20:56:00	21324.85	21327.75	21320.55	21322.15	234	0	120
2024.12.30	20:57:00	21321.85	21324.85	21318.75	21323.15	240	0	120
2024.12.30	20:58:00	21323.35	21330.15	21314.95	21315.25	243	0	140
2024.12.30	20:59:00	21314.75	21322.35	21311.85	21320.05	267	0	140
2024.12.30	21:00:00	21320.35	21326.05	21318.85	21320.05	248	0	150
2024.12.30	21:01:00	21320.05	21322.55	21313.75	21313.75	209	0	150
2024.12.30	21:02:00	21314.55	21324.45	21309.95	21316.45	244	0	150
2024.12.30	21:03:00	21316.35	21321.65	21312.55	21319.15	234	0	140
2024.12.30	21:04:00	21318.85	21320.05	21308.05	21310.25	245	0	140
2024.12.30	21:05:00	21310.55	21323.55	21308.85	21311.55	263	0	140
2024.12.30	21:06:00	21311.55	21311.55	21293.35	21298.25	282	0	140
2024.12.30	21:07:00	21297.55	21300.35	21286.25	21288.85	276	0	150
2024.12.30	21:08:00	21288.85	21297.45	21281.85	21294.55	274	0	150
2024.12.30	21:09:00	21295.05	21310.45	21293.45	21309.55	252	0	150
2024.12.30	21:10:00	21310.05	21312.45	21294.55	21298.35	267	0	150
2024.12.30	21:11:00	21298.05	21301.05	21291.35	21291.35	244	0	150
2024.12.30	21:12:00	21291.35	21291.75	21277.05	21279.05	266	0	150
2024.12.30	21:13:00	21278.85	21280.55	21264.85	21279.25	298	0	150
2024.12.30	21:14:00	21278.75	21290.05	21276.95	21280.05	279	0	150
2024.12.30	21:15:00	21280.35	21293.95	21279.85	21290.45	274	0	150
2024.12.30	21:16:00	21290.05	21296.25	21284.05	21286.05	252	0	150
2024.12.30	21:17:00	21286.35	21294.25	21283.95	21287.45	231	0	150
2024.12.30	21:18:00	21287.85	21288.55	21279.05	21280.45	266	0	150
2024.12.30	21:19:00	21279.55	21282.25	21274.65	21277.95	261	0	130
2024.12.30	21:20:00	21276.35	21278.55	21261.95	21266.45	271	0	130
2024.12.30	21:21:00	21266.05	21273.05	21256.25	21262.05	295	0	140
2024.12.30	21:22:00	21263.35	21264.25	21254.75	21258.55	278	0	150
2024.12.30	21:23:00	21257.35	21268.35	21257.35	21264.55	265	0	150
2024.12.30	21:24:00	21264.55	21279.75	21264.55	21271.55	269	0	150
2024.12.30	21:25:00	21270.75	21286.75	21268.85	21283.95	274	0	150
2024.12.30	21:26:00	21283.75	21296.45	21283.25	21284.55	269	0	150
2024.12.30	21:27:00	21284.95	21291.05	21277.85	21288.85	245	0	150
2024.12.30	21:28:00	21289.05	21297.55	21287.75	21287.95	257	0	150
2024.12.30	21:29:00	21287.35	21290.05	21283.85	21285.85	242	0	150
2024.12.30	21:30:00	21286.25	21295.35	21282.95	21294.05	258	0	150
2024.12.30	21:31:00	21294.55	21314.25	21294.25	21312.25	300	0	150
2024.12.30	21:32:00	21311.95	21312.55	21303.25	21303.35	259	0	150
2024.12.30	21:33:00	21302.85	21304.75	21292.75	21295.55	259	0	150
2024.12.30	21:34:00	21295.35	21299.25	21289.85	21293.45	249	0	150
2024.12.30	21:35:00	21293.25	21300.45	21292.25	21294.55	258	0	150
2024.12.30	21:36:00	21294.55	21296.25	21287.85	21292.85	237	0	150
2024.12.30	21:37:00	21292.75	21295.45	21282.95	21292.05	251	0	150
2024.12.30	21:38:00	21292.05	21296.85	21286.85	21289.85	246	0	150
2024.12.30	21:39:00	21289.75	21295.65	21287.65	21290.85	236	0	140
2024.12.30	21:40:00	21291.35	21295.75	21288.25	21293.05	263	0	130
2024.12.30	21:41:00	21292.85	21301.35	21291.15	21296.45	271	0	120
2024.12.30	21:42:00	21296.45	21302.45	21295.85	21296.75	248	0	120
2024.12.30	21:43:00	21296.75	21308.15	21295.15	21295.35	254	0	120
2024.12.30	21:44:00	21295.65	21299.75	21290.35	21290.55	234	0	120
2024.12.30	21:45:00	21290.95	21298.45	21289.45	21295.15	223	0	130
2024.12.30	21:46:00	21295.35	21304.85	21294.15	21301.65	243	0	130
2024.12.30	21:47:00	21301.15	21310.95	21299.15	21308.85	250	0	120
2024.12.30	21:48:00	21308.65	21309.05	21295.85	21296.95	232	0	130
2024.12.30	21:49:00	21298.15	21300.85	21294.95	21298.75	208	0	110
2024.12.30	21:50:00	21299.05	21300.75	21294.65	21295.45	223	0	100
2024.12.30	21:51:00	21295.25	21304.45	21291.85	21303.05	232	0	100
2024.12.30	21:52:00	21303.15	21306.75	21298.25	21299.55	219	0	100
2024.12.30	21:53:00	21299.85	21313.25	21299.45	21308.25	244	0	80
2024.12.30	21:54:00	21308.15	21309.95	21302.55	21305.05	236	0	110
2024.12.30	21:55:00	21304.25	21309.85	21302.25	21307.85	255	0	110
2024.12.30	21:56:00	21307.75	21309.65	21299.65	21309.25	277	0	110
2024.12.30	21:57:00	21308.95	21318.75	21308.45	21318.35	242	0	110
2024.12.30	21:58:00	21318.25	21318.25	21306.25	21316.75	262	0	120
2024.12.30	21:59:00	21316.45	21316.45	21304.65	21307.45	238	0	120
2024.12.30	22:00:00	21307.05	21307.15	21298.45	21305.05	259	0	120
2024.12.30	22:01:00	21304.45	21311.05	21299.55	21301.95	258	0	130
2024.12.30	22:02:00	21301.95	21310.15	21301.45	21308.15	226	0	120
2024.12.30	22:03:00	21308.45	21308.65	21292.85	21297.05	281	0	120
2024.12.30	22:04:00	21297.65	21298.85	21290.95	21293.05	274	0	130
2024.12.30	22:05:00	21293.35	21296.85	21285.75	21292.35	283	0	130
2024.12.30	22:06:00	21293.35	21295.35	21278.95	21290.25	269	0	150
2024.12.30	22:07:00	21289.75	21294.95	21281.55	21283.35	268	0	150
2024.12.30	22:08:00	21284.05	21299.05	21283.25	21293.85	257	0	150
2024.12.30	22:09:00	21293.55	21296.35	21286.35	21293.05	263	0	150
2024.12.30	22:10:00	21292.55	21302.45	21292.35	21299.35	264	0	150
2024.12.30	22:11:00	21298.55	21298.55	21282.65	21284.05	247	0	140
2024.12.30	22:12:00	21284.05	21301.05	21280.25	21299.05	250	0	140
2024.12.30	22:13:00	21298.75	21310.75	21297.85	21307.85	273	0	140
2024.12.30	22:14:00	21308.05	21313.25	21303.25	21305.25	234	0	140
2024.12.30	22:15:00	21304.55	21308.25	21301.55	21306.15	236	0	140
2024.12.30	22:16:00	21306.15	21312.05	21298.05	21311.65	218	0	120
2024.12.30	22:17:00	21311.95	21317.75	21311.95	21316.45	212	0	100
2024.12.30	22:18:00	21316.25	21322.05	21311.75	21314.15	257	0	100
2024.12.30	22:19:00	21314.25	21316.75	21307.65	21311.75	260	0	110
2024.12.30	22:20:00	21312.05	21312.75	21306.15	21309.05	256	0	110
2024.12.30	22:21:00	21309.55	21309.55	21298.55	21306.65	270	0	110
2024.12.30	22:22:00	21306.65	21310.05	21304.55	21307.45	250	0	130
2024.12.30	22:23:00	21307.85	21309.05	21299.65	21300.15	230	0	120
2024.12.30	22:24:00	21299.45	21302.95	21293.35	21294.65	260	0	120
2024.12.30	22:25:00	21295.95	21300.85	21285.65	21286.15	279	0	130
2024.12.30	22:26:00	21283.15	21291.85	21275.55	21280.35	275	0	130
2024.12.30	22:27:00	21280.35	21282.65	21266.45	21270.25	290	0	140
2024.12.30	22:28:00	21270.35	21271.55	21245.95	21256.45	305	0	150
2024.12.30	22:29:00	21256.35	21258.55	21243.95	21245.45	319	0	150
2024.12.30	22:30:00	21246.55	21269.25	21245.85	21267.05	296	0	150
2024.12.30	22:31:00	21268.55	21268.95	21242.45	21247.05	306	0	150
2024.12.30	22:32:00	21246.95	21260.55	21244.45	21251.75	275	0	150
2024.12.30	22:33:00	21251.35	21258.35	21247.75	21248.85	280	0	150
2024.12.30	22:34:00	21249.05	21250.75	21241.35	21246.55	276	0	150
2024.12.30	22:35:00	21248.45	21253.75	21236.45	21239.75	297	0	150
2024.12.30	22:36:00	21240.45	21248.75	21237.95	21238.45	283	0	150
2024.12.30	22:37:00	21241.95	21251.85	21241.95	21242.95	289	0	150
2024.12.30	22:38:00	21242.85	21251.55	21237.95	21238.95	285	0	150
2024.12.30	22:39:00	21238.95	21244.95	21235.25	21240.75	271	0	150
2024.12.30	22:40:00	21240.75	21261.95	21240.75	21260.95	292	0	150
2024.12.30	22:41:00	21260.95	21269.25	21242.25	21244.75	300	0	150
2024.12.30	22:42:00	21244.95	21247.85	21238.45	21240.95	280	0	150
2024.12.30	22:43:00	21240.25	21244.25	21235.45	21242.05	287	0	150
2024.12.30	22:44:00	21241.85	21253.25	21240.55	21247.25	276	0	150
2024.12.30	22:45:00	21246.95	21261.95	21246.95	21254.75	304	0	150
2024.12.30	22:46:00	21255.45	21258.45	21241.95	21247.95	294	0	150
2024.12.30	22:47:00	21248.55	21253.45	21244.35	21248.75	269	0	150
2024.12.30	22:48:00	21249.05	21262.35	21249.05	21258.75	281	0	150
2024.12.30	22:49:00	21257.85	21264.45	21249.45	21249.75	275	0	150
2024.12.30	22:50:00	21248.35	21272.55	21242.05	21265.25	307	0	150
2024.12.30	22:51:00	21265.05	21267.05	21250.95	21264.85	279	0	150
2024.12.30	22:52:00	21261.45	21278.35	21261.05	21271.05	265	0	150
2024.12.30	22:53:00	21267.95	21271.35	21256.45	21257.55	273	0	150
2024.12.30	22:54:00	21255.55	21272.55	21242.85	21244.55	286	0	150
2024.12.30	22:55:00	21248.25	21252.25	21236.55	21249.95	299	0	150
2024.12.30	22:56:00	21248.85	21249.75	21215.35	21218.35	310	0	150
2024.12.30	22:57:00	21218.05	21227.25	21217.35	21222.45	300	0	150
2024.12.30	22:58:00	21222.45	21224.95	21207.75	21211.95	287	0	150
2024.12.30	22:59:00	21212.25	21214.25	21186.35	21192.25	335	0	150
2024.12.30	23:00:00	21189.45	21196.14	21161.44	21163.44	330	0	150
2024.12.30	23:01:00	21165.24	21165.94	21147.24	21147.74	317	0	312
2024.12.30	23:02:00	21146.74	21162.44	21143.54	21158.44	284	0	312
2024.12.30	23:03:00	21156.64	21164.74	21151.14	21164.74	241	0	312
2024.12.30	23:04:00	21163.44	21170.54	21161.44	21166.74	273	0	312
2024.12.30	23:05:00	21166.74	21166.74	21147.64	21151.04	265	0	312
2024.12.30	23:06:00	21151.24	21154.74	21139.64	21143.54	273	0	312
2024.12.30	23:07:00	21142.74	21144.14	21128.24	21137.24	265	0	312
2024.12.30	23:08:00	21137.54	21146.14	21130.54	21142.24	245	0	312
2024.12.30	23:09:00	21142.24	21147.44	21140.64	21146.54	210	0	312
2024.12.30	23:10:00	21146.74	21156.14	21140.54	21151.94	230	0	312
2024.12.30	23:11:00	21151.64	21153.64	21148.54	21152.14	179	0	312
2024.12.30	23:12:00	21152.54	21159.04	21148.74	21158.94	175	0	312
2024.12.30	23:13:00	21159.24	21164.24	21154.14	21156.14	224	0	312
2024.12.30	23:14:00	21156.54	21167.44	21156.44	21166.14	199	0	312
2024.12.30	23:15:00	21165.04	21166.24	21153.54	21153.54	155	0	312
2024.12.30	23:16:00	21153.64	21164.24	21153.14	21164.24	136	0	312
2024.12.30	23:17:00	21164.24	21166.44	21163.74	21164.44	88	0	312
2024.12.30	23:18:00	21164.54	21168.44	21159.54	21160.04	136	0	312
2024.12.30	23:19:00	21159.74	21164.64	21155.04	21156.04	124	0	312
2024.12.30	23:20:00	21155.24	21161.64	21154.74	21161.54	102	0	312
2024.12.30	23:21:00	21161.44	21163.74	21157.54	21162.94	95	0	312
2024.12.30	23:22:00	21161.74	21163.14	21159.54	21162.74	83	0	312
2024.12.30	23:23:00	21162.54	21166.24	21162.04	21164.44	89	0	312
2024.12.30	23:24:00	21164.04	21164.64	21162.04	21162.24	83	0	312
2024.12.30	23:25:00	21162.54	21169.44	21159.04	21160.04	123	0	312
2024.12.30	23:26:00	21159.44	21161.54	21157.24	21160.74	73	0	312
2024.12.30	23:27:00	21160.54	21165.24	21160.54	21163.74	82	0	312
2024.12.30	23:28:00	21163.44	21163.74	21159.04	21162.24	86	0	312
2024.12.30	23:29:00	21162.04	21170.04	21160.74	21168.04	97	0	312
2024.12.30	23:30:00	21168.14	21169.74	21164.94	21165.64	111	0	312
2024.12.30	23:31:00	21165.74	21169.04	21164.04	21166.44	89	0	312
2024.12.30	23:32:00	21166.54	21168.54	21165.04	21165.04	79	0	312
2024.12.30	23:33:00	21164.74	21166.14	21159.74	21159.74	69	0	312
2024.12.30	23:34:00	21160.04	21160.24	21152.64	21157.44	122	0	312
2024.12.30	23:35:00	21157.54	21159.14	21154.74	21157.44	104	0	312
2024.12.30	23:36:00	21157.44	21163.54	21157.04	21162.14	106	0	312
2024.12.30	23:37:00	21162.74	21164.64	21161.94	21164.04	91	0	312
2024.12.30	23:38:00	21165.44	21166.54	21162.24	21162.74	63	0	312
2024.12.30	23:39:00	21163.04	21163.74	21160.54	21162.14	70	0	292
2024.12.30	23:40:00	21162.14	21163.44	21159.14	21163.14	78	0	282
2024.12.30	23:41:00	21164.34	21166.04	21163.84	21164.54	54	0	262
2024.12.30	23:42:00	21164.64	21164.74	21161.04	21162.64	63	0	242
2024.12.30	23:43:00	21162.34	21164.84	21161.54	21163.64	83	0	232
2024.12.30	23:44:00	21163.34	21166.24	21162.34	21166.04	74	0	242
2024.12.30	23:45:00	21165.94	21168.94	21164.34	21164.64	131	0	252
2024.12.30	23:46:00	21164.94	21168.64	21164.14	21167.24	86	0	272
2024.12.30	23:47:00	21167.74	21174.74	21167.74	21173.24	96	0	312
2024.12.30	23:48:00	21173.24	21174.14	21168.74	21169.04	81	0	312
2024.12.30	23:49:00	21168.74	21173.64	21168.64	21171.74	92	0	312
2024.12.31	01:05:00	21157.25	21157.25	21146.55	21146.65	82	0	290
2024.12.31	01:06:00	21146.15	21146.55	21132.35	21137.85	97	0	280
2024.12.31	01:07:00	21138.55	21138.65	21123.05	21132.15	86	0	290
2024.12.31	01:08:00	21132.05	21135.65	21130.55	21135.65	63	0	290
2024.12.31	01:09:00	21135.55	21143.05	21135.55	21139.55	77	0	290
2024.12.31	01:10:00	21139.75	21139.75	21132.75	21135.15	72	0	290
2024.12.31	01:11:00	21134.85	21139.65	21134.85	21139.55	38	0	290
2024.12.31	01:12:00	21139.55	21141.15	21139.15	21140.25	53	0	290
2024.12.31	01:13:00	21140.15	21141.15	21136.75	21138.55	38	0	280
2024.12.31	01:14:00	21138.55	21139.75	21133.65	21136.15	38	0	270
2024.12.31	01:15:00	21135.95	21137.05	21134.65	21135.35	35	0	200
2024.12.31	01:16:00	21135.75	21140.95	21135.55	21140.05	39	0	200
2024.12.31	01:17:00	21140.35	21145.65	21140.35	21144.55	53	0	190
2024.12.31	01:18:00	21144.35	21146.95	21144.35	21145.85	40	0	230
2024.12.31	01:19:00	21145.85	21156.55	21145.85	21151.55	95	0	230
2024.12.31	01:20:00	21151.55	21157.65	21151.55	21157.05	69	0	260
2024.12.31	01:21:00	21156.85	21156.85	21153.75	21153.75	35	0	290
2024.12.31	01:22:00	21153.55	21154.25	21147.65	21151.15	83	0	280
2024.12.31	01:23:00	21151.95	21156.15	21151.85	21152.75	56	0	280
2024.12.31	01:24:00	21152.85	21153.95	21152.85	21153.55	25	0	260
2024.12.31	01:25:00	21153.45	21155.85	21150.75	21151.15	50	0	230
2024.12.31	01:26:00	21151.15	21153.65	21149.75	21152.05	55	0	220
2024.12.31	01:27:00	21152.35	21154.95	21151.85	21152.15	43	0	220
2024.12.31	01:28:00	21152.15	21152.15	21149.45	21151.15	53	0	220
2024.12.31	01:29:00	21151.15	21154.35	21150.05	21154.35	54	0	230
2024.12.31	01:30:00	21154.85	21157.75	21154.85	21157.45	50	0	200
2024.12.31	01:31:00	21157.45	21162.15	21157.45	21162.15	58	0	180
2024.12.31	01:32:00	21162.05	21162.15	21156.35	21157.85	58	0	180
2024.12.31	01:33:00	21158.25	21160.65	21157.65	21159.55	44	0	210
2024.12.31	01:34:00	21159.55	21160.85	21159.15	21160.55	43	0	200
2024.12.31	01:35:00	21160.45	21163.45	21159.85	21163.05	42	0	200
2024.12.31	01:36:00	21163.15	21167.25	21163.15	21167.25	75	0	200
2024.12.31	01:37:00	21167.45	21167.55	21165.05	21165.65	56	0	170
2024.12.31	01:38:00	21165.55	21170.85	21165.55	21169.85	57	0	170
2024.12.31	01:39:00	21169.85	21169.85	21165.35	21165.65	38	0	180
2024.12.31	01:40:00	21165.75	21170.45	21165.65	21168.15	41	0	190
2024.12.31	01:41:00	21168.05	21169.05	21167.15	21168.65	27	0	180
2024.12.31	01:42:00	21169.35	21170.55	21168.65	21169.65	25	0	170
2024.12.31	01:43:00	21169.35	21171.35	21166.65	21166.85	36	0	160
2024.12.31	01:44:00	21166.85	21167.55	21165.15	21165.35	37	0	170
2024.12.31	01:45:00	21165.35	21168.05	21164.75	21166.65	46	0	160
2024.12.31	01:46:00	21166.75	21166.75	21159.65	21163.25	53	0	190
2024.12.31	01:47:00	21162.95	21163.95	21162.25	21163.15	47	0	270
2024.12.31	01:48:00	21162.95	21165.45	21161.75	21161.95	39	0	270
2024.12.31	01:49:00	21161.95	21164.25	21161.95	21164.25	32	0	270
2024.12.31	01:50:00	21164.75	21170.45	21164.75	21168.25	75	0	260
2024.12.31	01:51:00	21167.95	21167.95	21164.55	21165.75	34	0	200
2024.12.31	01:52:00	21165.55	21168.25	21165.55	21167.25	34	0	200
2024.12.31	01:53:00	21167.25	21167.85	21165.75	21165.95	37	0	200
2024.12.31	01:54:00	21166.05	21168.45	21165.95	21166.15	37	0	200
2024.12.31	01:55:00	21165.75	21165.75	21164.35	21164.85	31	0	190
2024.12.31	01:56:00	21164.65	21164.75	21163.35	21164.35	33	0	170
2024.12.31	01:57:00	21163.95	21166.25	21163.85	21166.25	45	0	160
2024.12.31	01:58:00	21166.05	21169.05	21166.05	21168.95	33	0	160
2024.12.31	01:59:00	21169.05	21172.55	21169.05	21170.55	55	0	150
2024.12.31	02:00:00	21170.35	21176.95	21170.35	21174.65	100	0	150
2024.12.31	02:01:00	21175.35	21179.75	21175.35	21178.75	98	0	190
2024.12.31	02:02:00	21178.75	21179.25	21178.25	21178.55	37	0	200
2024.12.31	02:03:00	21178.75	21181.25	21178.35	21180.85	40	0	200
2024.12.31	02:04:00	21180.95	21181.85	21176.75	21177.95	44	0	190
2024.12.31	02:05:00	21178.05	21179.75	21177.95	21179.05	25	0	160
2024.12.31	02:06:00	21179.15	21180.95	21178.55	21178.65	28	0	150
2024.12.31	02:07:00	21178.75	21181.45	21176.35	21177.15	38	0	160
2024.12.31	02:08:00	21176.95	21177.25	21173.45	21175.55	47	0	170
2024.12.31	02:09:00	21175.35	21175.35	21172.65	21173.85	31	0	180
2024.12.31	02:10:00	21174.15	21175.95	21174.15	21175.35	24	0	180
2024.12.31	02:11:00	21175.55	21176.55	21175.15	21176.55	24	0	180
2024.12.31	02:12:00	21176.55	21176.55	21172.75	21172.75	37	0	170
2024.12.31	02:13:00	21172.75	21176.15	21172.75	21175.95	20	0	160
2024.12.31	02:14:00	21175.75	21178.95	21175.75	21177.75	38	0	150
2024.12.31	02:15:00	21177.75	21180.05	21176.45	21179.95	44	0	150
2024.12.31	02:16:00	21179.95	21180.95	21177.15	21177.55	39	0	160
2024.12.31	02:17:00	21177.45	21178.25	21177.15	21177.45	21	0	160
2024.12.31	02:18:00	21176.45	21176.75	21174.35	21176.35	18	0	160
2024.12.31	02:19:00	21176.25	21176.25	21173.35	21173.35	33	0	170
2024.12.31	02:20:00	21173.35	21173.35	21167.65	21170.75	58	0	170
2024.12.31	02:21:00	21171.65	21171.75	21169.35	21169.55	32	0	230
2024.12.31	02:22:00	21169.45	21169.45	21165.35	21166.05	56	0	230
2024.12.31	02:23:00	21166.05	21166.35	21160.85	21164.65	53	0	250
2024.12.31	02:24:00	21164.65	21165.45	21163.45	21163.65	32	0	270
2024.12.31	02:25:00	21163.45	21164.65	21163.15	21163.45	22	0	210
2024.12.31	02:26:00	21163.15	21164.45	21162.15	21162.15	35	0	200
2024.12.31	02:27:00	21162.25	21164.55	21159.75	21163.85	46	0	200
2024.12.31	02:28:00	21163.75	21166.75	21161.85	21163.65	59	0	170
2024.12.31	02:29:00	21163.85	21166.05	21163.35	21164.75	29	0	180
2024.12.31	02:30:00	21164.85	21165.25	21154.95	21157.35	70	0	190
2024.12.31	02:31:00	21157.55	21161.15	21156.85	21158.45	62	0	250
2024.12.31	02:32:00	21158.15	21158.25	21152.25	21153.55	63	0	250
2024.12.31	02:33:00	21153.15	21157.45	21152.35	21155.45	59	0	270
2024.12.31	02:34:00	21155.65	21155.95	21149.35	21152.65	66	0	280
2024.12.31	02:35:00	21152.55	21152.85	21148.65	21149.15	56	0	270
2024.12.31	02:36:00	21149.15	21151.85	21147.85	21151.85	39	0	270
2024.12.31	02:37:00	21151.95	21158.65	21151.95	21156.25	71	0	270
2024.12.31	02:38:00	21155.75	21157.45	21154.95	21156.15	55	0	260
2024.12.31	02:39:00	21155.75	21156.05	21153.75	21153.85	36	0	230
2024.12.31	02:40:00	21153.65	21157.65	21153.65	21156.85	27	0	220
2024.12.31	02:41:00	21156.95	21162.75	21156.45	21161.65	52	0	190
2024.12.31	02:42:00	21161.45	21162.15	21159.05	21160.55	39	0	180
2024.12.31	02:43:00	21160.35	21162.15	21153.35	21153.35	45	0	180
2024.12.31	02:44:00	21153.95	21155.15	21152.15	21154.35	61	0	220
2024.12.31	02:45:00	21154.65	21155.95	21152.35	21153.95	56	0	240
2024.12.31	02:46:00	21154.05	21157.85	21151.85	21157.55	45	0	260
2024.12.31	02:47:00	21156.55	21156.65	21154.45	21155.65	50	0	280
2024.12.31	02:48:00	21155.95	21157.25	21154.65	21157.15	39	0	260
2024.12.31	02:49:00	21157.15	21161.45	21157.15	21158.05	49	0	260
2024.12.31	02:50:00	21158.05	21160.65	21157.55	21159.35	43	0	240
2024.12.31	02:51:00	21159.25	21160.55	21156.35	21158.25	37	0	210
2024.12.31	02:52:00	21158.25	21162.45	21156.85	21161.45	41	0	200
2024.12.31	02:53:00	21161.45	21161.55	21157.55	21159.45	44	0	210
2024.12.31	02:54:00	21158.95	21160.85	21156.75	21156.85	22	0	220
2024.12.31	02:55:00	21156.85	21158.15	21154.15	21157.05	51	0	220
2024.12.31	02:56:00	21156.95	21156.95	21154.85	21155.25	26	0	200
2024.12.31	02:57:00	21155.25	21156.05	21149.65	21149.95	52	0	200
2024.12.31	02:58:00	21150.25	21152.25	21149.45	21149.65	61	0	210
2024.12.31	02:59:00	21150.15	21150.45	21144.45	21148.65	98	0	190
2024.12.31	03:00:00	21149.05	21154.05	21147.95	21153.65	75	0	230
2024.12.31	03:01:00	21153.35	21155.75	21149.95	21155.75	70	0	240
2024.12.31	03:02:00	21155.25	21156.45	21152.45	21152.65	72	0	270
2024.12.31	03:03:00	21152.45	21158.75	21151.45	21156.35	80	0	280
2024.12.31	03:04:00	21156.35	21157.65	21154.75	21155.15	42	0	280
2024.12.31	03:05:00	21155.35	21163.55	21155.35	21160.75	89	0	280
2024.12.31	03:06:00	21160.85	21163.75	21157.85	21162.15	68	0	290
2024.12.31	03:07:00	21162.05	21163.45	21160.15	21162.35	56	0	280
2024.12.31	03:08:00	21162.05	21165.45	21161.15	21163.65	68	0	270
2024.12.31	03:09:00	21163.75	21165.15	21160.45	21161.05	62	0	270
2024.12.31	03:10:00	21160.05	21167.85	21159.55	21165.65	74	0	280
2024.12.31	03:11:00	21165.55	21171.35	21165.35	21168.55	92	0	270
2024.12.31	03:12:00	21168.15	21172.95	21168.15	21171.75	93	0	280
2024.12.31	03:13:00	21170.85	21171.05	21168.55	21170.05	42	0	280
2024.12.31	03:14:00	21169.95	21171.45	21169.85	21171.35	33	0	280
2024.12.31	03:15:00	21170.45	21171.85	21169.65	21171.65	71	0	270
2024.12.31	03:16:00	21171.45	21173.15	21171.05	21171.05	50	0	240
2024.12.31	03:17:00	21170.85	21173.05	21170.45	21173.05	48	0	180
2024.12.31	03:18:00	21172.15	21177.95	21172.15	21175.15	58	0	190
2024.12.31	03:19:00	21175.35	21179.05	21175.15	21177.05	58	0	240
2024.12.31	03:20:00	21177.05	21178.05	21176.65	21177.15	42	0	230
2024.12.31	03:21:00	21177.05	21180.55	21177.05	21179.45	45	0	220
2024.12.31	03:22:00	21179.45	21181.35	21178.65	21180.25	57	0	230
2024.12.31	03:23:00	21180.25	21181.55	21179.95	21180.05	33	0	180
2024.12.31	03:24:00	21179.95	21182.65	21175.75	21175.75	54	0	160
2024.12.31	03:25:00	21176.15	21176.55	21173.45	21176.45	56	0	190
2024.12.31	03:26:00	21176.25	21178.55	21174.75	21174.85	46	0	200
2024.12.31	03:27:00	21174.85	21175.75	21172.65	21172.85	76	0	210
2024.12.31	03:28:00	21172.95	21174.15	21172.35	21172.35	33	0	220
2024.12.31	03:29:00	21171.95	21174.15	21170.85	21173.05	59	0	200
2024.12.31	03:30:00	21173.05	21179.55	21172.35	21177.15	68	0	190
2024.12.31	03:31:00	21177.25	21180.15	21175.55	21178.35	82	0	210
2024.12.31	03:32:00	21177.95	21178.35	21175.95	21177.05	58	0	210
2024.12.31	03:33:00	21176.95	21185.75	21176.95	21183.45	89	0	210
2024.12.31	03:34:00	21183.25	21186.85	21183.25	21186.05	92	0	270
2024.12.31	03:35:00	21185.95	21185.95	21182.65	21185.05	66	0	280
2024.12.31	03:36:00	21186.05	21190.95	21185.55	21190.05	87	0	280
2024.12.31	03:37:00	21189.85	21193.35	21189.55	21190.85	82	0	280
2024.12.31	03:38:00	21189.15	21189.15	21186.05	21186.75	81	0	290
2024.12.31	03:39:00	21186.75	21186.85	21183.45	21183.95	71	0	280
2024.12.31	03:40:00	21184.15	21187.15	21182.95	21186.45	75	0	270
2024.12.31	03:41:00	21186.15	21186.95	21185.15	21186.55	61	0	260
2024.12.31	03:42:00	21186.95	21189.85	21186.75	21188.35	60	0	230
2024.12.31	03:43:00	21188.55	21192.35	21188.25	21191.35	67	0	180
2024.12.31	03:44:00	21191.15	21192.35	21190.35	21191.65	52	0	180
2024.12.31	03:45:00	21191.55	21192.45	21190.35	21192.35	57	0	170
2024.12.31	03:46:00	21191.95	21195.35	21191.95	21195.15	60	0	170
2024.12.31	03:47:00	21195.65	21198.55	21194.15	21198.35	87	0	170
2024.12.31	03:48:00	21198.55	21198.85	21196.85	21198.45	65	0	180
2024.12.31	03:49:00	21198.65	21200.85	21198.35	21200.65	50	0	170
2024.12.31	03:50:00	21200.45	21201.45	21198.85	21199.95	51	0	170
2024.12.31	03:51:00	21199.95	21201.55	21198.85	21200.45	53	0	170
2024.12.31	03:52:00	21200.35	21200.55	21194.55	21194.75	73	0	170
2024.12.31	03:53:00	21194.65	21195.75	21192.45	21192.45	60	0	170
2024.12.31	03:54:00	21191.85	21193.65	21190.25	21190.75	76	0	180
2024.12.31	03:55:00	21190.85	21195.05	21189.45	21195.05	67	0	180
2024.12.31	03:56:00	21195.25	21195.65	21194.05	21194.75	58	0	190
2024.12.31	03:57:00	21194.65	21196.25	21194.05	21196.25	35	0	170
2024.12.31	03:58:00	21196.35	21198.05	21194.45	21197.95	62	0	170
2024.12.31	03:59:00	21198.15	21198.85	21196.35	21196.65	41	0	180
2024.12.31	04:00:00	21197.05	21198.75	21196.55	21196.95	57	0	170
2024.12.31	04:01:00	21197.45	21198.15	21194.85	21194.85	46	0	160
2024.12.31	04:02:00	21194.95	21197.85	21194.85	21196.15	44	0	170
2024.12.31	04:03:00	21196.05	21198.85	21195.95	21198.85	31	0	170
2024.12.31	04:04:00	21198.95	21198.95	21196.45	21198.15	33	0	160
2024.12.31	04:05:00	21197.45	21205.15	21196.45	21204.95	61	0	170
2024.12.31	04:06:00	21205.05	21206.25	21203.95	21205.65	56	0	180
2024.12.31	04:07:00	21205.75	21211.75	21204.95	21210.15	76	0	190
2024.12.31	04:08:00	21210.25	21212.95	21207.35	21212.95	65	0	240
2024.12.31	04:09:00	21212.95	21212.95	21209.95	21211.45	55	0	260
2024.12.31	04:10:00	21211.75	21214.85	21209.65	21209.95	70	0	270
2024.12.31	04:11:00	21209.85	21212.55	21208.45	21212.45	56	0	250
2024.12.31	04:12:00	21212.55	21212.65	21210.25	21212.05	50	0	230
2024.12.31	04:13:00	21212.15	21213.85	21211.55	21211.65	41	0	200
2024.12.31	04:14:00	21212.45	21217.75	21212.45	21216.25	64	0	200
2024.12.31	04:15:00	21216.35	21224.05	21215.75	21222.65	96	0	190
2024.12.31	04:16:00	21222.15	21223.55	21220.65	21222.85	73	0	240
2024.12.31	04:17:00	21222.75	21225.75	21222.65	21223.45	67	0	240
2024.12.31	04:18:00	21223.65	21227.85	21223.15	21225.95	101	0	260
2024.12.31	04:19:00	21226.15	21227.85	21223.35	21223.35	63	0	270
2024.12.31	04:20:00	21223.65	21226.05	21222.15	21223.75	57	0	250
2024.12.31	04:21:00	21224.55	21224.65	21222.55	21223.35	43	0	250
2024.12.31	04:22:00	21223.05	21223.05	21219.65	21219.65	73	0	240
2024.12.31	04:23:00	21219.65	21220.55	21219.05	21219.05	47	0	210
2024.12.31	04:24:00	21218.05	21218.75	21214.85	21216.75	77	0	210
2024.12.31	04:25:00	21216.55	21218.95	21216.35	21218.95	41	0	180
2024.12.31	04:26:00	21218.95	21222.05	21218.05	21221.65	40	0	170
2024.12.31	04:27:00	21221.75	21221.95	21219.75	21220.75	41	0	200
2024.12.31	04:28:00	21220.75	21222.25	21220.75	21220.95	39	0	200
2024.12.31	04:29:00	21220.95	21223.85	21220.75	21223.25	54	0	170
2024.12.31	04:30:00	21222.85	21231.25	21222.25	21230.75	97	0	170
2024.12.31	04:31:00	21230.85	21232.45	21227.65	21232.25	57	0	170
2024.12.31	04:32:00	21233.05	21234.45	21230.65	21232.25	70	0	200
2024.12.31	04:33:00	21232.35	21233.15	21228.55	21229.05	76	0	220
2024.12.31	04:34:00	21229.15	21229.15	21225.65	21225.65	48	0	240
2024.12.31	04:35:00	21225.65	21229.65	21224.15	21229.65	63	0	220
2024.12.31	04:36:00	21229.35	21232.15	21229.35	21231.45	62	0	210
2024.12.31	04:37:00	21231.75	21231.75	21227.45	21227.95	49	0	200
2024.12.31	04:38:00	21227.85	21229.65	21227.85	21229.45	37	0	180
2024.12.31	04:39:00	21229.35	21229.45	21227.15	21227.75	42	0	180
2024.12.31	04:40:00	21227.75	21227.75	21221.15	21221.95	64	0	180
2024.12.31	04:41:00	21221.85	21224.35	21221.55	21223.95	59	0	180
2024.12.31	04:42:00	21223.85	21226.25	21223.85	21224.85	39	0	170
2024.12.31	04:43:00	21224.95	21226.85	21223.95	21226.65	40	0	170
2024.12.31	04:44:00	21226.65	21227.95	21224.95	21227.85	31	0	180
2024.12.31	04:45:00	21227.85	21229.15	21226.85	21227.65	46	0	150
2024.12.31	04:46:00	21227.75	21228.55	21225.75	21226.15	29	0	160
2024.12.31	04:47:00	21226.25	21226.45	21223.25	21223.25	41	0	160
2024.12.31	04:48:00	21223.25	21224.05	21220.05	21221.15	70	0	160
2024.12.31	04:49:00	21220.95	21221.15	21218.75	21220.05	38	0	160
2024.12.31	04:50:00	21220.05	21223.45	21219.75	21220.15	52	0	160
2024.12.31	04:51:00	21218.15	21220.45	21217.65	21220.15	50	0	170
2024.12.31	04:52:00	21220.95	21222.05	21217.55	21217.75	49	0	180
2024.12.31	04:53:00	21217.85	21218.85	21216.95	21218.35	53	0	190
2024.12.31	04:54:00	21218.05	21218.05	21213.15	21217.15	78	0	200
2024.12.31	04:55:00	21217.15	21217.15	21214.15	21214.75	62	0	220
2024.12.31	04:56:00	21214.75	21217.45	21213.75	21213.95	55	0	200
2024.12.31	04:57:00	21213.75	21214.25	21211.05	21212.95	91	0	200
2024.12.31	04:58:00	21213.15	21213.55	21199.65	21202.05	113	0	200
2024.12.31	04:59:00	21202.65	21203.65	21195.65	21200.25	122	0	290
2024.12.31	05:00:00	21200.35	21202.55	21196.75	21199.85	104	0	290
2024.12.31	05:01:00	21200.55	21204.85	21196.25	21198.35	100	0	290
2024.12.31	05:02:00	21198.15	21199.65	21191.75	21191.85	102	0	290
2024.12.31	05:03:00	21192.15	21193.75	21183.15	21191.15	144	0	290
2024.12.31	05:04:00	21189.05	21192.75	21189.05	21189.75	66	0	290
2024.12.31	05:05:00	21189.65	21193.25	21189.05	21189.05	69	0	290
2024.12.31	05:06:00	21188.15	21192.25	21188.15	21189.75	59	0	290
2024.12.31	05:07:00	21190.35	21194.85	21190.35	21193.85	74	0	290
2024.12.31	05:08:00	21194.15	21194.15	21188.95	21189.15	61	0	280
2024.12.31	05:09:00	21189.45	21192.95	21184.85	21184.95	83	0	270
2024.12.31	05:10:00	21184.65	21190.85	21184.65	21190.85	69	0	280
2024.12.31	05:11:00	21191.05	21191.05	21188.35	21189.05	45	0	280
2024.12.31	05:12:00	21189.35	21190.75	21187.75	21187.75	41	0	260
2024.12.31	05:13:00	21187.95	21189.85	21182.25	21182.45	72	0	250
2024.12.31	05:14:00	21182.25	21184.55	21181.75	21183.55	70	0	230
2024.12.31	05:15:00	21183.55	21191.15	21181.85	21189.45	88	0	220
2024.12.31	05:16:00	21189.95	21189.95	21185.65	21187.45	75	0	250
2024.12.31	05:17:00	21187.25	21192.35	21187.15	21191.85	57	0	260
2024.12.31	05:18:00	21191.75	21194.05	21190.95	21192.15	84	0	250
2024.12.31	05:19:00	21191.95	21194.65	21191.25	21191.75	59	0	260
2024.12.31	05:20:00	21191.95	21194.05	21191.25	21193.75	50	0	220
2024.12.31	05:21:00	21193.45	21194.75	21192.05	21194.55	59	0	210
2024.12.31	05:22:00	21194.45	21200.25	21194.05	21199.65	82	0	210
2024.12.31	05:23:00	21198.15	21198.15	21193.95	21194.75	68	0	230
2024.12.31	05:24:00	21195.15	21195.25	21192.25	21192.85	39	0	230
2024.12.31	05:25:00	21193.05	21196.65	21191.35	21196.05	60	0	220
2024.12.31	05:26:00	21194.85	21195.75	21193.65	21195.25	33	0	280
2024.12.31	05:27:00	21195.85	21198.15	21195.05	21197.85	48	0	290
2024.12.31	05:28:00	21198.85	21203.65	21198.85	21201.45	69	0	280
2024.12.31	05:29:00	21201.05	21202.15	21199.15	21201.15	68	0	280
2024.12.31	05:30:00	21204.15	21204.15	21202.25	21203.45	42	0	250
2024.12.31	05:31:00	21203.05	21207.25	21202.15	21204.35	47	0	240
2024.12.31	05:32:00	21203.85	21203.95	21202.05	21202.45	32	0	250
2024.12.31	05:33:00	21202.35	21205.15	21202.25	21203.45	44	0	230
2024.12.31	05:34:00	21203.35	21204.25	21202.85	21203.35	25	0	200
2024.12.31	05:35:00	21203.25	21203.35	21187.55	21187.55	69	0	170
2024.12.31	05:36:00	21187.65	21189.75	21185.45	21185.45	95	0	240
2024.12.31	05:37:00	21185.55	21186.15	21183.15	21184.25	71	0	260
2024.12.31	05:38:00	21184.55	21188.15	21184.25	21187.55	38	0	280
2024.12.31	05:39:00	21187.35	21189.15	21185.15	21187.25	47	0	290
2024.12.31	05:40:00	21187.05	21190.15	21186.15	21187.55	49	0	280
2024.12.31	05:41:00	21187.55	21188.05	21183.95	21184.35	50	0	280
2024.12.31	05:42:00	21184.85	21185.65	21170.35	21173.55	130	0	280
2024.12.31	05:43:00	21173.65	21178.15	21173.65	21175.85	58	0	290
2024.12.31	05:44:00	21175.75	21176.55	21166.85	21169.85	107	0	290
2024.12.31	05:45:00	21169.75	21172.75	21165.05	21171.85	131	0	290
2024.12.31	05:46:00	21172.05	21178.25	21172.05	21176.25	103	0	290
2024.12.31	05:47:00	21176.15	21178.05	21174.85	21176.75	45	0	290
2024.12.31	05:48:00	21177.05	21178.25	21172.65	21176.25	50	0	290
2024.12.31	05:49:00	21176.55	21176.55	21174.35	21175.65	35	0	290
2024.12.31	05:50:00	21175.25	21180.85	21174.35	21180.65	32	0	260
2024.12.31	05:51:00	21180.75	21181.35	21178.95	21179.65	46	0	230
2024.12.31	05:52:00	21179.65	21183.45	21178.65	21183.25	50	0	220
2024.12.31	05:53:00	21183.65	21186.85	21183.25	21183.95	52	0	180
2024.12.31	05:54:00	21183.85	21184.35	21182.35	21184.35	34	0	180
2024.12.31	05:55:00	21185.15	21190.65	21185.15	21188.85	49	0	180
2024.12.31	05:56:00	21188.65	21190.25	21187.85	21188.35	42	0	190
2024.12.31	05:57:00	21188.25	21191.15	21188.15	21190.15	29	0	170
2024.12.31	05:58:00	21190.15	21193.05	21187.45	21187.45	61	0	190
2024.12.31	05:59:00	21187.35	21187.95	21186.65	21187.65	41	0	220
2024.12.31	06:00:00	21187.45	21190.85	21187.45	21189.25	37	0	190
2024.12.31	06:01:00	21188.95	21188.95	21182.65	21184.55	54	0	200
2024.12.31	06:02:00	21184.65	21185.15	21181.85	21182.45	48	0	220
2024.12.31	06:03:00	21182.95	21184.55	21181.05	21184.55	35	0	200
2024.12.31	06:04:00	21184.85	21186.95	21178.95	21179.45	55	0	200
2024.12.31	06:05:00	21179.45	21181.15	21173.35	21179.55	82	0	230
2024.12.31	06:06:00	21179.75	21186.85	21178.85	21183.55	81	0	290
2024.12.31	06:07:00	21184.05	21186.15	21183.55	21183.55	35	0	290
2024.12.31	06:08:00	21183.25	21183.25	21180.85	21181.75	33	0	290
2024.12.31	06:09:00	21181.55	21182.15	21177.75	21182.05	39	0	290
2024.12.31	06:10:00	21182.25	21185.45	21181.05	21183.95	39	0	280
2024.12.31	06:11:00	21183.65	21185.25	21183.55	21183.65	37	0	230
2024.12.31	06:12:00	21182.65	21182.95	21180.55	21181.25	39	0	230
2024.12.31	06:13:00	21181.25	21182.35	21180.35	21181.15	26	0	230
2024.12.31	06:14:00	21181.95	21181.95	21179.75	21179.75	34	0	190
2024.12.31	06:15:00	21180.15	21180.45	21170.45	21170.65	53	0	190
2024.12.31	06:16:00	21170.55	21172.55	21169.55	21172.15	63	0	230
2024.12.31	06:17:00	21172.15	21172.45	21166.05	21166.05	71	0	250
2024.12.31	06:18:00	21166.25	21166.25	21158.65	21166.15	109	0	270
2024.12.31	06:19:00	21165.05	21165.55	21159.55	21161.05	63	0	290
2024.12.31	06:20:00	21162.05	21167.35	21161.05	21166.35	54	0	290
2024.12.31	06:21:00	21167.15	21168.25	21165.25	21165.25	41	0	290
2024.12.31	06:22:00	21165.55	21168.05	21165.35	21165.75	34	0	290
2024.12.31	06:23:00	21166.05	21168.15	21166.05	21168.15	25	0	280
2024.12.31	06:24:00	21168.25	21168.25	21163.35	21163.45	49	0	260
2024.12.31	06:25:00	21163.45	21167.05	21161.85	21166.55	36	0	240
2024.12.31	06:26:00	21166.35	21167.45	21164.65	21167.15	31	0	210
2024.12.31	06:27:00	21167.15	21175.65	21167.05	21173.45	49	0	190
2024.12.31	06:28:00	21173.25	21173.45	21168.65	21168.65	42	0	210
2024.12.31	06:29:00	21167.65	21168.65	21165.35	21167.65	51	0	230
2024.12.31	06:30:00	21167.65	21170.25	21165.35	21168.05	45	0	240
2024.12.31	06:31:00	21168.25	21168.45	21165.75	21166.55	36	0	260
2024.12.31	06:32:00	21166.45	21169.45	21166.45	21168.75	36	0	250
2024.12.31	06:33:00	21168.75	21173.35	21168.75	21170.95	47	0	240
2024.12.31	06:34:00	21171.05	21173.15	21170.45	21172.25	31	0	240
2024.12.31	06:35:00	21172.15	21172.15	21165.45	21165.45	38	0	230
2024.12.31	06:36:00	21165.55	21165.75	21155.85	21158.75	107	0	240
2024.12.31	06:37:00	21158.85	21162.75	21158.85	21161.75	65	0	290
2024.12.31	06:38:00	21162.05	21163.15	21159.25	21162.85	44	0	290
2024.12.31	06:39:00	21162.85	21166.55	21162.65	21162.65	47	0	290
2024.12.31	06:40:00	21162.75	21163.35	21161.15	21162.25	30	0	290
2024.12.31	06:41:00	21162.35	21163.05	21161.05	21161.95	37	0	230
2024.12.31	06:42:00	21161.85	21164.55	21161.85	21164.55	28	0	190
2024.12.31	06:43:00	21164.55	21164.85	21158.85	21159.65	52	0	180
2024.12.31	06:44:00	21160.05	21160.05	21156.05	21157.55	59	0	210
2024.12.31	06:45:00	21159.15	21164.45	21159.05	21164.25	59	0	240
2024.12.31	06:46:00	21164.15	21169.35	21163.15	21168.65	57	0	260
2024.12.31	06:47:00	21168.95	21169.85	21165.95	21166.45	57	0	280
2024.12.31	06:48:00	21167.95	21168.65	21166.35	21168.15	41	0	270
2024.12.31	06:49:00	21169.95	21171.95	21168.95	21170.95	45	0	260
2024.12.31	06:50:00	21171.05	21175.85	21170.55	21175.85	67	0	230
2024.12.31	06:51:00	21175.75	21177.85	21171.35	21172.75	78	0	220
2024.12.31	06:52:00	21173.05	21177.05	21172.65	21176.85	45	0	230
2024.12.31	06:53:00	21176.75	21180.85	21176.15	21178.45	44	0	220
2024.12.31	06:54:00	21179.55	21182.75	21179.55	21182.45	55	0	260
2024.12.31	06:55:00	21182.65	21183.05	21180.75	21180.95	60	0	260
2024.12.31	06:56:00	21180.25	21192.45	21180.25	21192.45	90	0	260
2024.12.31	06:57:00	21192.45	21192.65	21189.35	21189.65	57	0	270
2024.12.31	06:58:00	21189.45	21189.65	21188.05	21188.35	43	0	230
2024.12.31	06:59:00	21188.95	21189.65	21185.95	21189.15	47	0	220
2024.12.31	07:00:00	21189.15	21192.85	21188.85	21191.55	77	0	230
2024.12.31	07:01:00	21190.95	21191.55	21188.25	21188.35	54	0	220
2024.12.31	07:02:00	21188.35	21189.45	21183.45	21189.05	72	0	210
2024.12.31	07:03:00	21188.75	21190.55	21187.55	21190.25	42	0	250
2024.12.31	07:04:00	21190.45	21190.45	21188.05	21188.35	27	0	240
2024.12.31	07:05:00	21188.55	21190.25	21186.45	21190.25	42	0	210
2024.12.31	07:06:00	21190.25	21190.45	21187.65	21187.65	41	0	200
2024.12.31	07:07:00	21188.05	21191.55	21188.05	21190.35	57	0	200
2024.12.31	07:08:00	21190.35	21191.25	21189.35	21190.35	26	0	190
2024.12.31	07:09:00	21190.65	21190.85	21189.65	21190.15	16	0	190
2024.12.31	07:10:00	21190.05	21190.05	21184.65	21185.25	45	0	180
2024.12.31	07:11:00	21184.75	21186.25	21181.45	21184.75	43	0	190
2024.12.31	07:12:00	21185.15	21185.55	21178.35	21180.15	48	0	180
2024.12.31	07:13:00	21180.15	21183.75	21179.05	21182.75	53	0	240
2024.12.31	07:14:00	21182.35	21183.75	21181.25	21182.95	33	0	250
2024.12.31	07:15:00	21182.65	21183.75	21180.45	21181.65	50	0	260
2024.12.31	07:16:00	21181.45	21183.45	21181.45	21182.55	24	0	250
2024.12.31	07:17:00	21182.55	21185.45	21182.45	21184.05	30	0	190
2024.12.31	07:18:00	21184.05	21186.55	21182.55	21184.05	46	0	180
2024.12.31	07:19:00	21183.95	21185.45	21180.95	21181.05	38	0	200
2024.12.31	07:20:00	21180.85	21182.65	21180.75	21182.55	34	0	180
2024.12.31	07:21:00	21182.85	21189.85	21182.65	21189.45	56	0	190
2024.12.31	07:22:00	21189.45	21190.35	21188.45	21189.25	48	0	200
2024.12.31	07:23:00	21190.15	21196.65	21190.15	21194.95	102	0	210
2024.12.31	07:24:00	21194.85	21195.55	21191.45	21193.55	66	0	230
2024.12.31	07:25:00	21192.35	21193.95	21189.95	21190.05	40	0	250
2024.12.31	07:26:00	21190.55	21192.25	21190.25	21191.45	31	0	230
2024.12.31	07:27:00	21191.45	21193.05	21190.35	21191.15	36	0	230
2024.12.31	07:28:00	21191.45	21192.65	21189.85	21189.85	36	0	190
2024.12.31	07:29:00	21190.35	21190.35	21183.55	21183.85	66	0	170
2024.12.31	07:30:00	21184.45	21186.75	21181.85	21181.85	62	0	190
2024.12.31	07:31:00	21182.45	21182.45	21172.15	21173.65	102	0	200
2024.12.31	07:32:00	21174.35	21177.25	21173.65	21176.25	50	0	290
2024.12.31	07:33:00	21174.75	21177.25	21171.35	21173.55	60	0	290
2024.12.31	07:34:00	21174.55	21177.05	21174.55	21176.15	31	0	290
2024.12.31	07:35:00	21177.05	21180.25	21173.55	21173.65	64	0	290
2024.12.31	07:36:00	21173.65	21175.15	21171.45	21175.15	29	0	270
2024.12.31	07:37:00	21175.15	21175.15	21171.75	21172.15	30	0	260
2024.12.31	07:38:00	21172.15	21173.15	21168.75	21171.85	45	0	240
2024.12.31	07:39:00	21171.75	21173.35	21169.95	21171.55	41	0	240
2024.12.31	07:40:00	21171.55	21178.05	21171.55	21176.55	56	0	230
2024.12.31	07:41:00	21176.15	21180.75	21176.05	21177.55	67	0	240
2024.12.31	07:42:00	21177.45	21177.75	21170.65	21171.95	71	0	260
2024.12.31	07:43:00	21172.15	21173.35	21166.25	21173.35	75	0	280
2024.12.31	07:44:00	21172.85	21174.15	21168.35	21169.75	39	0	290
2024.12.31	07:45:00	21169.75	21173.15	21168.35	21170.85	50	0	290
2024.12.31	07:46:00	21171.05	21176.05	21171.05	21173.25	38	0	290
2024.12.31	07:47:00	21173.05	21176.05	21172.35	21175.15	20	0	290
2024.12.31	07:48:00	21175.05	21176.15	21172.45	21173.65	38	0	270
2024.12.31	07:49:00	21173.45	21181.25	21173.45	21179.45	33	0	270
2024.12.31	07:50:00	21179.15	21182.55	21177.35	21181.95	62	0	270
2024.12.31	07:51:00	21182.05	21182.95	21181.15	21181.95	33	0	250
2024.12.31	07:52:00	21182.25	21186.15	21181.85	21184.95	43	0	250
2024.12.31	07:53:00	21184.35	21184.95	21178.65	21180.45	39	0	270
2024.12.31	07:54:00	21180.35	21184.15	21179.55	21182.95	33	0	260
2024.12.31	07:55:00	21183.05	21183.05	21179.55	21179.55	21	0	230
2024.12.31	07:56:00	21179.55	21180.85	21179.05	21179.25	32	0	230
2024.12.31	07:57:00	21179.05	21182.15	21178.85	21182.15	35	0	170
2024.12.31	07:58:00	21182.15	21184.35	21182.15	21183.95	40	0	170
2024.12.31	07:59:00	21186.25	21189.25	21185.15	21186.85	56	0	170
2024.12.31	08:00:00	21186.85	21188.45	21179.55	21179.55	74	0	200
2024.12.31	08:01:00	21179.65	21182.35	21178.15	21180.35	51	0	240
2024.12.31	08:02:00	21180.65	21181.15	21177.35	21180.35	45	0	270
2024.12.31	08:03:00	21180.65	21180.65	21179.15	21179.15	23	0	270
2024.12.31	08:04:00	21179.15	21179.35	21174.25	21175.85	55	0	240
2024.12.31	08:05:00	21175.85	21176.15	21169.75	21170.55	60	0	250
2024.12.31	08:06:00	21170.65	21171.75	21162.45	21165.15	78	0	240
2024.12.31	08:07:00	21165.05	21166.35	21163.85	21164.85	41	0	270
2024.12.31	08:08:00	21165.45	21165.45	21161.25	21161.65	57	0	280
2024.12.31	08:09:00	21162.25	21166.05	21162.05	21165.55	58	0	280
2024.12.31	08:10:00	21165.95	21169.65	21165.55	21169.55	46	0	280
2024.12.31	08:11:00	21169.55	21170.85	21168.05	21169.15	32	0	220
2024.12.31	08:12:00	21169.05	21169.55	21167.75	21169.35	31	0	220
2024.12.31	08:13:00	21169.35	21173.55	21169.35	21173.55	39	0	180
2024.12.31	08:14:00	21173.35	21173.45	21169.55	21169.75	42	0	180
2024.12.31	08:15:00	21168.85	21174.75	21168.75	21172.55	29	0	200
2024.12.31	08:16:00	21173.65	21174.55	21171.15	21173.85	28	0	210
2024.12.31	08:17:00	21173.35	21177.85	21171.45	21177.25	50	0	220
2024.12.31	08:18:00	21177.25	21177.85	21173.95	21175.75	51	0	230
2024.12.31	08:19:00	21176.25	21178.05	21176.15	21178.05	26	0	210
2024.12.31	08:20:00	21177.55	21180.05	21175.35	21175.95	59	0	210
2024.12.31	08:21:00	21175.85	21176.05	21173.35	21174.65	33	0	220
2024.12.31	08:22:00	21174.55	21175.55	21172.45	21174.85	21	0	240
2024.12.31	08:23:00	21174.85	21175.05	21168.65	21170.05	27	0	240
2024.12.31	08:24:00	21170.25	21172.25	21170.05	21171.55	33	0	260
2024.12.31	08:25:00	21172.95	21175.75	21172.95	21174.55	27	0	250
2024.12.31	08:26:00	21173.75	21173.95	21171.35	21172.45	30	0	220
2024.12.31	08:27:00	21172.45	21176.55	21172.25	21174.25	30	0	220
2024.12.31	08:28:00	21174.35	21174.35	21172.45	21173.05	17	0	210
2024.12.31	08:29:00	21172.95	21173.25	21171.45	21172.15	25	0	210
2024.12.31	08:30:00	21174.15	21175.85	21171.65	21171.65	29	0	200
2024.12.31	08:31:00	21170.15	21171.75	21167.25	21171.25	53	0	210
2024.12.31	08:32:00	21171.15	21171.65	21169.25	21170.35	30	0	200
2024.12.31	08:33:00	21170.25	21170.25	21167.05	21167.85	48	0	200
2024.12.31	08:34:00	21166.65	21167.95	21163.35	21163.85	54	0	210
2024.12.31	08:35:00	21163.95	21164.45	21161.35	21161.75	60	0	230
2024.12.31	08:36:00	21162.05	21163.35	21160.45	21160.55	50	0	230
2024.12.31	08:37:00	21160.45	21165.55	21159.55	21164.75	68	0	220
2024.12.31	08:38:00	21164.95	21165.35	21160.85	21162.45	62	0	260
2024.12.31	08:39:00	21162.45	21163.65	21161.65	21161.65	25	0	270
2024.12.31	08:40:00	21161.35	21164.65	21159.85	21160.95	43	0	260
2024.12.31	08:41:00	21160.65	21161.55	21159.75	21160.25	35	0	270
2024.12.31	08:42:00	21160.65	21162.25	21159.95	21162.25	26	0	220
2024.12.31	08:43:00	21161.95	21162.85	21151.35	21152.85	73	0	200
2024.12.31	08:44:00	21152.65	21153.35	21149.15	21153.35	92	0	290
2024.12.31	08:45:00	21153.65	21156.75	21152.25	21156.25	83	0	290
2024.12.31	08:46:00	21156.15	21159.65	21154.15	21158.75	54	0	290
2024.12.31	08:47:00	21158.15	21158.35	21155.85	21156.25	33	0	290
2024.12.31	08:48:00	21156.25	21159.05	21156.25	21158.15	52	0	240
2024.12.31	08:49:00	21158.25	21163.35	21158.15	21163.15	76	0	220
2024.12.31	08:50:00	21163.65	21166.75	21159.15	21159.75	81	0	210
2024.12.31	08:51:00	21160.35	21163.25	21160.35	21162.85	39	0	210
2024.12.31	08:52:00	21162.95	21163.85	21162.45	21162.55	35	0	210
2024.12.31	08:53:00	21162.75	21163.75	21161.35	21162.25	54	0	210
2024.12.31	08:54:00	21162.15	21163.55	21159.65	21162.25	57	0	200
2024.12.31	08:55:00	21162.35	21164.25	21160.55	21160.55	41	0	200
2024.12.31	08:56:00	21160.95	21163.15	21160.25	21160.25	41	0	200
2024.12.31	08:57:00	21160.05	21165.15	21160.05	21161.85	48	0	200
2024.12.31	08:58:00	21162.05	21162.35	21160.75	21161.15	29	0	240
2024.12.31	08:59:00	21161.15	21161.75	21158.35	21158.35	47	0	210
2024.12.31	09:00:00	21158.85	21163.85	21158.65	21161.65	92	0	220
2024.12.31	09:01:00	21161.75	21162.95	21159.45	21161.75	74	0	240
2024.12.31	09:02:00	21161.85	21161.95	21155.05	21158.35	87	0	250
2024.12.31	09:03:00	21158.65	21165.55	21158.45	21164.75	77	0	270
2024.12.31	09:04:00	21164.65	21165.35	21160.15	21163.05	52	0	290
2024.12.31	09:05:00	21162.75	21163.45	21161.95	21162.95	33	0	280
2024.12.31	09:06:00	21162.45	21163.45	21158.05	21160.55	47	0	270
2024.12.31	09:07:00	21159.65	21161.95	21158.65	21160.65	39	0	260
2024.12.31	09:08:00	21160.15	21165.65	21160.05	21165.65	52	0	230
2024.12.31	09:09:00	21165.55	21168.55	21163.55	21165.75	66	0	230
2024.12.31	09:10:00	21165.85	21168.55	21164.15	21168.05	56	0	240
2024.12.31	09:11:00	21167.95	21168.65	21164.65	21167.35	45	0	260
2024.12.31	09:12:00	21167.65	21169.15	21167.15	21168.55	49	0	260
2024.12.31	09:13:00	21168.75	21175.25	21168.15	21174.65	68	0	250
2024.12.31	09:14:00	21174.45	21183.55	21174.25	21183.05	101	0	260
2024.12.31	09:15:00	21183.45	21185.05	21180.05	21183.05	109	0	260
2024.12.31	09:16:00	21183.55	21186.35	21183.35	21184.05	73	0	290
2024.12.31	09:17:00	21183.05	21186.25	21176.15	21176.25	74	0	290
2024.12.31	09:18:00	21176.55	21180.05	21171.05	21178.55	84	0	290
2024.12.31	09:19:00	21178.25	21180.65	21177.05	21179.75	79	0	290
2024.12.31	09:20:00	21178.75	21179.65	21176.05	21177.05	65	0	290
2024.12.31	09:21:00	21177.15	21180.35	21176.05	21179.85	65	0	290
2024.12.31	09:22:00	21179.75	21187.15	21179.65	21186.05	80	0	290
2024.12.31	09:23:00	21186.15	21186.25	21182.15	21182.35	62	0	290
2024.12.31	09:24:00	21182.55	21187.85	21181.55	21187.75	65	0	280
2024.12.31	09:25:00	21187.15	21187.75	21184.25	21184.75	65	0	290
2024.12.31	09:26:00	21184.55	21186.75	21183.75	21185.15	52	0	290
2024.12.31	09:27:00	21185.05	21185.65	21184.15	21184.85	58	0	280
2024.12.31	09:28:00	21184.35	21184.45	21177.95	21177.95	72	0	260
2024.12.31	09:29:00	21178.15	21178.65	21167.85	21169.25	135	0	270
2024.12.31	09:30:00	21169.05	21171.65	21164.55	21166.55	122	0	290
2024.12.31	09:31:00	21165.65	21165.65	21151.75	21154.65	139	0	290
2024.12.31	09:32:00	21154.55	21161.75	21154.25	21161.25	128	0	290
2024.12.31	09:33:00	21161.55	21163.25	21156.25	21156.55	78	0	290
2024.12.31	09:34:00	21155.75	21163.65	21153.75	21162.65	90	0	290
2024.12.31	09:35:00	21161.85	21164.25	21161.15	21161.75	68	0	290
2024.12.31	09:36:00	21161.15	21168.85	21161.05	21168.25	75	0	290
2024.12.31	09:37:00	21168.35	21176.05	21168.15	21173.05	104	0	290
2024.12.31	09:38:00	21173.15	21175.15	21171.35	21172.15	68	0	290
2024.12.31	09:39:00	21172.25	21176.15	21171.25	21175.35	53	0	290
2024.12.31	09:40:00	21176.05	21178.05	21173.85	21175.25	76	0	290
2024.12.31	09:41:00	21175.35	21187.85	21175.05	21182.65	115	0	290
2024.12.31	09:42:00	21181.75	21182.75	21177.25	21180.35	89	0	290
2024.12.31	09:43:00	21179.55	21181.65	21178.35	21179.15	58	0	290
2024.12.31	09:44:00	21179.05	21179.05	21173.15	21175.05	79	0	290
2024.12.31	09:45:00	21173.75	21176.65	21170.25	21176.65	113	0	290
2024.12.31	09:46:00	21176.55	21181.85	21176.25	21179.55	87	0	290
2024.12.31	09:47:00	21179.55	21182.65	21174.55	21176.05	81	0	290
2024.12.31	09:48:00	21175.65	21177.75	21175.05	21177.75	57	0	290
2024.12.31	09:49:00	21176.35	21177.55	21174.05	21177.55	54	0	290
2024.12.31	09:50:00	21176.75	21180.25	21176.55	21178.15	73	0	290
2024.12.31	09:51:00	21179.25	21181.35	21175.55	21177.15	75	0	290
2024.12.31	09:52:00	21177.05	21179.75	21174.05	21174.05	46	0	290
2024.12.31	09:53:00	21175.35	21178.15	21172.15	21174.65	64	0	290
2024.12.31	09:54:00	21174.25	21178.15	21173.65	21175.25	62	0	290
2024.12.31	09:55:00	21175.25	21176.75	21171.75	21171.85	63	0	290
2024.12.31	09:56:00	21172.05	21172.35	21165.65	21169.65	116	0	290
2024.12.31	09:57:00	21169.65	21172.15	21167.15	21172.15	96	0	290
2024.12.31	09:58:00	21172.65	21176.85	21169.65	21173.35	103	0	290
2024.12.31	09:59:00	21173.25	21174.85	21170.55	21173.25	107	0	290
2024.12.31	10:00:00	21176.05	21177.85	21169.55	21174.15	159	0	290
2024.12.31	10:01:00	21173.65	21177.25	21171.15	21177.05	121	0	290
2024.12.31	10:02:00	21176.05	21177.15	21164.85	21169.65	155	0	290
2024.12.31	10:03:00	21169.55	21180.35	21167.75	21180.35	151	0	290
2024.12.31	10:04:00	21180.15	21180.25	21173.55	21174.75	140	0	290
2024.12.31	10:05:00	21172.65	21173.75	21169.65	21170.25	102	0	290
2024.12.31	10:06:00	21170.35	21179.05	21169.15	21174.25	149	0	290
2024.12.31	10:07:00	21174.05	21178.35	21167.65	21178.35	113	0	290
2024.12.31	10:08:00	21178.05	21178.25	21175.05	21177.85	75	0	290
2024.12.31	10:09:00	21177.85	21181.65	21175.15	21181.55	87	0	290
2024.12.31	10:10:00	21181.15	21183.75	21174.55	21174.85	105	0	290
2024.12.31	10:11:00	21174.55	21179.35	21172.85	21174.35	94	0	290
2024.12.31	10:12:00	21174.35	21175.35	21170.25	21170.25	83	0	290
2024.12.31	10:13:00	21169.55	21172.25	21167.85	21169.75	86	0	290
2024.12.31	10:14:00	21169.75	21170.85	21157.65	21162.15	135	0	290
2024.12.31	10:15:00	21162.05	21163.75	21158.65	21162.85	102	0	290
2024.12.31	10:16:00	21162.65	21162.65	21154.65	21155.35	115	0	290
2024.12.31	10:17:00	21154.55	21159.15	21152.35	21156.05	103	0	290
2024.12.31	10:18:00	21155.35	21156.15	21146.05	21148.65	113	0	290
2024.12.31	10:19:00	21149.15	21152.65	21146.05	21150.35	110	0	290
2024.12.31	10:20:00	21150.85	21154.55	21142.25	21143.65	139	0	290
2024.12.31	10:21:00	21143.35	21148.35	21143.15	21147.65	107	0	290
2024.12.31	10:22:00	21148.35	21158.85	21148.05	21156.05	91	0	290
2024.12.31	10:23:00	21155.25	21155.65	21153.15	21155.35	85	0	290
2024.12.31	10:24:00	21155.15	21158.25	21147.85	21148.55	128	0	290
2024.12.31	10:25:00	21147.85	21148.85	21143.55	21144.35	111	0	290
2024.12.31	10:26:00	21144.55	21148.05	21143.15	21143.55	93	0	290
2024.12.31	10:27:00	21143.65	21146.15	21140.75	21142.15	108	0	290
2024.12.31	10:28:00	21141.85	21145.75	21139.25	21145.05	104	0	290
2024.12.31	10:29:00	21145.35	21153.05	21144.85	21151.75	110	0	290
2024.12.31	10:30:00	21149.85	21154.25	21149.15	21150.65	83	0	290
2024.12.31	10:31:00	21150.85	21155.55	21149.85	21154.75	73	0	290
2024.12.31	10:32:00	21155.05	21163.35	21154.65	21162.25	152	0	290
2024.12.31	10:33:00	21162.75	21166.25	21158.15	21164.25	125	0	290
2024.12.31	10:34:00	21164.65	21172.35	21164.25	21167.05	113	0	290
2024.12.31	10:35:00	21164.65	21166.05	21159.35	21163.05	98	0	290
2024.12.31	10:36:00	21162.75	21163.25	21159.65	21160.65	74	0	290
2024.12.31	10:37:00	21161.05	21164.15	21160.85	21163.75	78	0	290
2024.12.31	10:38:00	21164.05	21169.05	21163.15	21164.15	95	0	290
2024.12.31	10:39:00	21164.55	21164.75	21161.35	21163.25	78	0	290
2024.12.31	10:40:00	21162.65	21162.85	21158.15	21159.45	78	0	270
2024.12.31	10:41:00	21160.25	21164.45	21156.95	21157.05	86	0	270
2024.12.31	10:42:00	21157.35	21164.05	21154.05	21164.05	106	0	280
2024.12.31	10:43:00	21164.05	21164.05	21159.35	21160.85	68	0	290
2024.12.31	10:44:00	21160.85	21166.05	21159.55	21160.35	76	0	290
2024.12.31	10:45:00	21161.65	21161.85	21159.05	21160.15	56	0	290
2024.12.31	10:46:00	21160.35	21161.25	21153.65	21154.35	55	0	290
2024.12.31	10:47:00	21153.65	21154.85	21151.15	21153.65	99	0	290
2024.12.31	10:48:00	21152.85	21156.85	21151.15	21152.25	84	0	290
2024.12.31	10:49:00	21152.35	21155.75	21152.35	21154.75	62	0	290
2024.12.31	10:50:00	21156.15	21159.55	21154.65	21158.15	52	0	290
2024.12.31	10:51:00	21158.15	21169.35	21158.15	21168.25	105	0	290
2024.12.31	10:52:00	21168.35	21173.85	21167.55	21171.55	113	0	290
2024.12.31	10:53:00	21171.15	21171.85	21168.35	21170.75	72	0	290
2024.12.31	10:54:00	21171.05	21173.35	21170.25	21173.35	69	0	290
2024.12.31	10:55:00	21173.25	21173.25	21168.55	21170.75	54	0	290
2024.12.31	10:56:00	21170.65	21174.35	21168.85	21169.35	69	0	290
2024.12.31	10:57:00	21169.55	21171.35	21168.15	21168.15	61	0	240
2024.12.31	10:58:00	21168.25	21168.25	21162.25	21162.45	87	0	260
2024.12.31	10:59:00	21161.65	21164.35	21159.85	21164.05	71	0	280
2024.12.31	11:00:00	21164.05	21165.65	21157.45	21165.65	122	0	280
2024.12.31	11:01:00	21165.55	21171.05	21164.15	21169.05	141	0	290
2024.12.31	11:02:00	21170.25	21177.05	21170.05	21175.65	137	0	290
2024.12.31	11:03:00	21176.65	21176.65	21171.75	21172.75	97	0	290
2024.12.31	11:04:00	21174.05	21177.85	21170.65	21170.65	97	0	290
2024.12.31	11:05:00	21170.65	21172.05	21167.35	21171.35	112	0	290
2024.12.31	11:06:00	21171.15	21173.35	21166.15	21170.35	92	0	290
2024.12.31	11:07:00	21170.25	21178.05	21170.15	21178.05	106	0	290
2024.12.31	11:08:00	21177.75	21187.55	21177.35	21187.35	143	0	290
2024.12.31	11:09:00	21187.25	21200.55	21187.25	21196.35	179	0	290
2024.12.31	11:10:00	21196.35	21205.65	21196.25	21203.85	176	0	290
2024.12.31	11:11:00	21205.15	21214.15	21200.85	21212.55	179	0	290
2024.12.31	11:12:00	21212.65	21216.15	21210.65	21213.85	160	0	290
2024.12.31	11:13:00	21214.15	21227.35	21214.15	21226.75	167	0	290
2024.12.31	11:14:00	21227.05	21244.35	21224.75	21243.65	216	0	290
2024.12.31	11:15:00	21243.75	21245.75	21236.65	21243.05	190	0	290
2024.12.31	11:16:00	21243.15	21246.15	21235.35	21241.65	160	0	290
2024.12.31	11:17:00	21242.05	21242.05	21235.75	21236.25	124	0	290
2024.12.31	11:18:00	21235.65	21240.35	21234.85	21237.15	118	0	290
2024.12.31	11:19:00	21237.15	21241.35	21236.65	21239.35	136	0	290
2024.12.31	11:20:00	21238.85	21251.05	21235.55	21251.05	160	0	290
2024.12.31	11:21:00	21251.25	21251.55	21244.25	21250.75	130	0	290
2024.12.31	11:22:00	21250.15	21252.85	21246.65	21252.15	122	0	290
2024.12.31	11:23:00	21252.25	21255.25	21249.65	21254.05	131	0	290
2024.12.31	11:24:00	21253.85	21266.25	21253.85	21263.15	164	0	290
2024.12.31	11:25:00	21262.85	21267.85	21261.15	21266.85	168	0	290
2024.12.31	11:26:00	21266.35	21272.75	21264.05	21271.55	145	0	290
2024.12.31	11:27:00	21271.65	21276.55	21269.65	21273.15	142	0	290
2024.12.31	11:28:00	21273.85	21274.65	21268.55	21271.65	110	0	290
2024.12.31	11:29:00	21271.35	21273.85	21269.65	21270.25	103	0	290
2024.12.31	11:30:00	21270.55	21271.75	21266.55	21268.25	137	0	290
2024.12.31	11:31:00	21268.35	21268.85	21263.25	21267.35	114	0	290
2024.12.31	11:32:00	21266.65	21270.65	21264.65	21266.85	103	0	290
2024.12.31	11:33:00	21267.25	21267.65	21260.35	21260.35	91	0	290
2024.12.31	11:34:00	21260.85	21262.15	21258.65	21260.25	99	0	290
2024.12.31	11:35:00	21260.35	21262.15	21251.75	21252.65	116	0	290
2024.12.31	11:36:00	21253.35	21267.35	21253.35	21264.05	124	0	290
2024.12.31	11:37:00	21262.75	21270.75	21261.75	21270.15	146	0	290
2024.12.31	11:38:00	21270.15	21275.25	21269.85	21274.35	129	0	290
2024.12.31	11:39:00	21274.35	21275.75	21269.25	21269.85	131	0	290
2024.12.31	11:40:00	21269.65	21273.25	21265.75	21270.25	113	0	290
2024.12.31	11:41:00	21270.25	21283.25	21269.85	21281.25	173	0	290
2024.12.31	11:42:00	21281.55	21281.85	21275.15	21277.35	108	0	290
2024.12.31	11:43:00	21276.15	21281.15	21275.35	21280.15	116	0	290
2024.12.31	11:44:00	21280.65	21289.15	21280.65	21286.55	158	0	290
2024.12.31	11:45:00	21286.35	21286.75	21282.55	21286.35	121	0	290
2024.12.31	11:46:00	21285.35	21287.25	21281.65	21287.15	122	0	290
2024.12.31	11:47:00	21286.75	21288.85	21283.35	21285.85	76	0	290
2024.12.31	11:48:00	21285.75	21286.15	21282.65	21284.65	78	0	290
2024.12.31	11:49:00	21284.65	21285.35	21276.65	21280.85	127	0	290
2024.12.31	11:50:00	21281.15	21281.75	21277.25	21281.25	94	0	290
2024.12.31	11:51:00	21281.35	21281.55	21269.75	21270.85	108	0	290
2024.12.31	11:52:00	21270.85	21274.65	21269.75	21272.25	125	0	290
2024.12.31	11:53:00	21272.15	21272.85	21267.05	21272.85	114	0	290
2024.12.31	11:54:00	21272.65	21277.15	21270.15	21277.05	93	0	290
2024.12.31	11:55:00	21276.55	21277.25	21272.05	21274.35	91	0	290
2024.12.31	11:56:00	21274.75	21276.85	21272.35	21276.05	81	0	290
2024.12.31	11:57:00	21276.05	21276.85	21273.15	21275.15	91	0	290
2024.12.31	11:58:00	21275.35	21275.35	21263.65	21266.25	113	0	270
2024.12.31	11:59:00	21266.65	21267.85	21263.35	21267.65	107	0	290
2024.12.31	12:00:00	21267.05	21268.35	21262.05	21264.15	128	0	290
2024.12.31	12:01:00	21264.15	21264.15	21259.05	21263.35	124	0	290
2024.12.31	12:02:00	21263.35	21266.85	21262.15	21264.15	90	0	290
2024.12.31	12:03:00	21264.35	21265.35	21261.25	21263.15	74	0	290
2024.12.31	12:04:00	21262.85	21265.75	21259.85	21265.75	92	0	290
2024.12.31	12:05:00	21265.55	21265.75	21262.35	21263.05	102	0	290
2024.12.31	12:06:00	21263.25	21265.05	21260.35	21261.65	74	0	290
2024.12.31	12:07:00	21261.35	21263.75	21257.25	21261.25	92	0	290
2024.12.31	12:08:00	21261.35	21271.25	21261.25	21270.55	116	0	290
2024.12.31	12:09:00	21270.65	21272.15	21268.75	21269.65	93	0	290
2024.12.31	12:10:00	21268.85	21269.55	21264.85	21265.75	90	0	290
2024.12.31	12:11:00	21265.35	21270.65	21265.25	21270.35	77	0	290
2024.12.31	12:12:00	21270.35	21270.65	21260.65	21260.75	117	0	280
2024.12.31	12:13:00	21260.15	21261.45	21257.05	21261.15	106	0	280
2024.12.31	12:14:00	21261.15	21261.15	21256.35	21259.65	85	0	280
2024.12.31	12:15:00	21259.85	21260.15	21256.15	21258.95	82	0	280
2024.12.31	12:16:00	21259.55	21261.85	21255.85	21256.75	91	0	280
2024.12.31	12:17:00	21256.35	21259.55	21255.85	21256.15	65	0	290
2024.12.31	12:18:00	21256.85	21259.85	21256.15	21257.15	68	0	280
2024.12.31	12:19:00	21257.35	21260.05	21256.55	21258.65	72	0	280
2024.12.31	12:20:00	21258.85	21264.05	21258.15	21260.65	75	0	280
2024.12.31	12:21:00	21260.35	21265.35	21258.85	21263.75	68	0	290
2024.12.31	12:22:00	21263.55	21265.65	21262.05	21264.35	81	0	290
2024.12.31	12:23:00	21264.25	21264.45	21262.35	21264.45	46	0	280
2024.12.31	12:24:00	21264.15	21270.05	21263.45	21269.35	79	0	280
2024.12.31	12:25:00	21269.55	21271.75	21268.15	21269.45	82	0	270
2024.12.31	12:26:00	21269.75	21269.75	21263.45	21263.45	79	0	270
2024.12.31	12:27:00	21263.45	21263.45	21256.15	21258.45	103	0	250
2024.12.31	12:28:00	21258.45	21261.75	21258.45	21261.75	55	0	270
2024.12.31	12:29:00	21261.65	21261.95	21260.35	21261.65	64	0	260
2024.12.31	12:30:00	21261.55	21262.75	21256.15	21258.15	76	0	260
2024.12.31	12:31:00	21257.45	21258.35	21254.95	21258.25	62	0	260
2024.12.31	12:32:00	21258.15	21261.85	21256.25	21261.75	66	0	240
2024.12.31	12:33:00	21261.55	21264.35	21260.85	21262.25	54	0	250
2024.12.31	12:34:00	21261.95	21262.55	21261.35	21262.55	44	0	250
2024.12.31	12:35:00	21262.65	21265.15	21261.25	21264.15	72	0	220
2024.12.31	12:36:00	21264.35	21264.45	21262.45	21263.65	41	0	230
2024.12.31	12:37:00	21263.85	21268.45	21260.15	21267.95	83	0	230
2024.12.31	12:38:00	21267.85	21274.85	21266.35	21274.25	80	0	280
2024.12.31	12:39:00	21274.15	21276.15	21271.25	21274.85	84	0	290
2024.12.31	12:40:00	21274.15	21276.55	21268.85	21272.75	93	0	290
2024.12.31	12:41:00	21272.85	21273.35	21269.35	21271.65	60	0	290
2024.12.31	12:42:00	21271.65	21274.35	21271.05	21271.65	77	0	290
2024.12.31	12:43:00	21271.65	21273.55	21271.35	21272.65	60	0	280
2024.12.31	12:44:00	21272.55	21273.75	21270.45	21270.75	63	0	270
2024.12.31	12:45:00	21270.85	21272.55	21267.95	21268.55	78	0	250
2024.12.31	12:46:00	21267.25	21271.65	21267.25	21271.25	65	0	230
2024.12.31	12:47:00	21271.05	21273.45	21267.75	21273.45	63	0	260
2024.12.31	12:48:00	21274.05	21284.85	21273.95	21281.35	133	0	260
2024.12.31	12:49:00	21281.05	21281.35	21277.05	21278.85	80	0	290
2024.12.31	12:50:00	21277.55	21288.35	21277.55	21288.35	103	0	290
2024.12.31	12:51:00	21288.35	21288.35	21281.85	21283.75	98	0	290
2024.12.31	12:52:00	21284.25	21285.75	21280.35	21282.85	78	0	290
2024.12.31	12:53:00	21282.65	21282.85	21278.85	21280.25	81	0	270
2024.12.31	12:54:00	21280.15	21283.25	21279.65	21282.95	81	0	250
2024.12.31	12:55:00	21283.55	21286.25	21282.65	21283.15	61	0	240
2024.12.31	12:56:00	21283.15	21283.15	21275.85	21279.35	83	0	230
2024.12.31	12:57:00	21279.25	21279.95	21277.45	21278.65	66	0	270
2024.12.31	12:58:00	21278.15	21278.45	21274.95	21277.65	67	0	270
2024.12.31	12:59:00	21277.45	21277.95	21274.35	21275.75	60	0	270
2024.12.31	13:00:00	21275.85	21282.85	21275.85	21277.85	125	0	270
2024.12.31	13:01:00	21277.55	21284.75	21277.55	21284.65	93	0	290
2024.12.31	13:02:00	21284.15	21285.25	21280.75	21281.05	91	0	290
2024.12.31	13:03:00	21280.75	21285.85	21279.35	21285.55	72	0	290
2024.12.31	13:04:00	21284.75	21285.55	21281.35	21285.15	76	0	290
2024.12.31	13:05:00	21285.35	21292.25	21284.55	21288.65	122	0	290
2024.12.31	13:06:00	21288.85	21290.55	21287.45	21287.75	84	0	280
2024.12.31	13:07:00	21287.75	21293.15	21285.65	21290.15	102	0	290
2024.12.31	13:08:00	21290.35	21294.35	21289.55	21292.25	102	0	290
2024.12.31	13:09:00	21292.55	21296.75	21292.15	21296.75	86	0	290
2024.12.31	13:10:00	21296.65	21297.75	21293.15	21293.15	93	0	290
2024.12.31	13:11:00	21293.25	21293.25	21283.35	21285.75	107	0	290
2024.12.31	13:12:00	21285.85	21285.85	21278.35	21279.25	114	0	290
2024.12.31	13:13:00	21279.25	21281.15	21276.55	21276.75	75	0	290
2024.12.31	13:14:00	21276.65	21277.65	21271.35	21271.85	127	0	280
2024.12.31	13:15:00	21271.35	21279.15	21271.35	21278.25	97	0	290
2024.12.31	13:16:00	21274.85	21275.05	21269.05	21269.15	99	0	290
2024.12.31	13:17:00	21268.35	21269.05	21262.85	21266.55	164	0	290
2024.12.31	13:18:00	21266.35	21268.15	21260.55	21263.55	118	0	290
2024.12.31	13:19:00	21263.65	21266.65	21263.25	21263.35	83	0	290
2024.12.31	13:20:00	21263.65	21264.15	21255.85	21256.15	113	0	290
2024.12.31	13:21:00	21256.15	21270.15	21256.15	21269.85	128	0	290
2024.12.31	13:22:00	21270.05	21270.65	21267.35	21268.25	88	0	290
2024.12.31	13:23:00	21268.35	21268.85	21262.65	21264.05	69	0	290
2024.12.31	13:24:00	21264.35	21265.35	21262.35	21265.25	73	0	290
2024.12.31	13:25:00	21265.15	21269.35	21264.25	21267.85	73	0	290
2024.12.31	13:26:00	21267.85	21269.65	21264.35	21268.95	92	0	280
2024.12.31	13:27:00	21268.65	21271.25	21267.55	21268.45	69	0	270
2024.12.31	13:28:00	21268.15	21269.75	21265.65	21267.45	62	0	270
2024.12.31	13:29:00	21267.45	21270.15	21266.35	21266.75	72	0	270
2024.12.31	13:30:00	21267.65	21271.75	21267.65	21268.75	71	0	260
2024.12.31	13:31:00	21268.45	21271.05	21268.45	21270.25	61	0	250
2024.12.31	13:32:00	21270.25	21271.45	21265.85	21270.95	76	0	250
2024.12.31	13:33:00	21270.65	21270.65	21266.35	21266.65	84	0	280
2024.12.31	13:34:00	21266.45	21267.95	21265.15	21267.35	49	0	280
2024.12.31	13:35:00	21265.95	21267.65	21265.65	21266.95	39	0	270
2024.12.31	13:36:00	21267.15	21271.35	21265.75	21270.75	61	0	260
2024.12.31	13:37:00	21270.65	21278.55	21269.95	21278.05	88	0	240
2024.12.31	13:38:00	21278.15	21278.95	21274.65	21277.05	89	0	230
2024.12.31	13:39:00	21276.15	21278.55	21272.45	21274.15	74	0	260
2024.12.31	13:40:00	21274.35	21276.85	21271.35	21276.65	69	0	270
2024.12.31	13:41:00	21276.85	21279.45	21274.95	21278.45	49	0	270
2024.12.31	13:42:00	21278.85	21280.95	21277.65	21280.45	72	0	270
2024.12.31	13:43:00	21280.25	21283.95	21276.35	21276.45	74	0	230
2024.12.31	13:44:00	21275.45	21275.65	21268.95	21274.55	110	0	260
2024.12.31	13:45:00	21274.55	21275.35	21271.75	21272.55	76	0	290
2024.12.31	13:46:00	21272.55	21277.85	21272.25	21275.05	81	0	290
2024.12.31	13:47:00	21274.85	21279.55	21272.85	21278.15	83	0	290
2024.12.31	13:48:00	21278.15	21279.05	21275.15	21277.15	58	0	290
2024.12.31	13:49:00	21277.25	21280.65	21275.05	21279.75	65	0	290
2024.12.31	13:50:00	21280.05	21281.15	21277.35	21279.55	85	0	290
2024.12.31	13:51:00	21280.15	21284.45	21279.85	21283.65	80	0	280
2024.12.31	13:52:00	21283.95	21283.95	21279.15	21279.15	76	0	250
2024.12.31	13:53:00	21279.05	21279.65	21275.45	21279.15	85	0	260
2024.12.31	13:54:00	21277.95	21280.95	21277.75	21277.75	73	0	250
2024.12.31	13:55:00	21277.85	21280.25	21276.65	21279.05	71	0	240
2024.12.31	13:56:00	21279.65	21279.65	21276.15	21276.15	63	0	230
2024.12.31	13:57:00	21276.35	21279.75	21275.15	21278.35	79	0	230
2024.12.31	13:58:00	21278.05	21280.15	21275.85	21275.95	62	0	230
2024.12.31	13:59:00	21276.85	21280.15	21275.45	21280.15	90	0	230
2024.12.31	14:00:00	21278.35	21287.75	21278.35	21285.05	132	0	230
2024.12.31	14:01:00	21284.05	21285.45	21279.95	21281.55	113	0	260
2024.12.31	14:02:00	21281.65	21284.55	21281.55	21283.15	83	0	280
2024.12.31	14:03:00	21279.75	21284.25	21274.25	21280.85	122	0	290
2024.12.31	14:04:00	21281.25	21282.15	21277.05	21278.65	82	0	290
2024.12.31	14:05:00	21279.05	21281.85	21278.15	21281.35	73	0	290
2024.12.31	14:06:00	21281.15	21291.05	21280.65	21290.55	101	0	290
2024.12.31	14:07:00	21290.35	21292.35	21289.05	21292.25	97	0	290
2024.12.31	14:08:00	21291.85	21294.85	21289.25	21294.65	119	0	290
2024.12.31	14:09:00	21294.35	21303.25	21294.15	21300.15	150	0	290
2024.12.31	14:10:00	21300.05	21301.05	21293.15	21293.55	133	0	290
2024.12.31	14:11:00	21294.15	21297.25	21289.15	21290.85	119	0	290
2024.12.31	14:12:00	21292.05	21293.55	21289.65	21291.15	81	0	290
2024.12.31	14:13:00	21292.85	21294.25	21289.65	21292.85	96	0	290
2024.12.31	14:14:00	21292.75	21294.55	21290.35	21291.15	104	0	290
2024.12.31	14:15:00	21291.15	21294.55	21291.15	21294.25	63	0	290
2024.12.31	14:16:00	21294.85	21294.85	21289.25	21290.85	97	0	290
2024.12.31	14:17:00	21290.65	21292.85	21288.85	21290.95	71	0	280
2024.12.31	14:18:00	21291.15	21292.95	21288.65	21292.45	78	0	270
2024.12.31	14:19:00	21292.75	21293.15	21289.75	21292.05	54	0	250
2024.12.31	14:20:00	21291.85	21294.45	21291.25	21293.35	40	0	250
2024.12.31	14:21:00	21293.45	21295.05	21292.05	21292.95	61	0	200
2024.12.31	14:22:00	21293.05	21293.65	21288.05	21288.35	45	0	160
2024.12.31	14:23:00	21288.15	21291.65	21286.65	21287.75	86	0	180
2024.12.31	14:24:00	21287.75	21289.95	21287.75	21287.95	70	0	220
2024.12.31	14:25:00	21287.95	21288.75	21286.15	21288.25	84	0	210
2024.12.31	14:26:00	21287.95	21294.05	21286.95	21293.15	88	0	210
2024.12.31	14:27:00	21292.15	21293.35	21289.15	21291.35	80	0	290
2024.12.31	14:28:00	21291.65	21291.85	21289.95	21290.65	63	0	280
2024.12.31	14:29:00	21290.85	21292.65	21290.15	21291.85	59	0	280
2024.12.31	14:30:00	21292.35	21292.35	21287.55	21289.85	106	0	290
2024.12.31	14:31:00	21289.75	21290.15	21285.35	21288.35	88	0	270
2024.12.31	14:32:00	21288.45	21290.75	21287.25	21288.75	85	0	260
2024.12.31	14:33:00	21288.65	21291.05	21288.55	21290.75	56	0	250
2024.12.31	14:34:00	21291.05	21291.45	21288.05	21288.15	55	0	240
2024.12.31	14:35:00	21288.25	21288.65	21282.05	21284.55	105	0	240
2024.12.31	14:36:00	21284.55	21284.95	21279.85	21281.75	113	0	240
2024.12.31	14:37:00	21281.45	21281.75	21274.45	21276.45	133	0	270
2024.12.31	14:38:00	21276.15	21281.55	21276.15	21279.15	86	0	280
2024.12.31	14:39:00	21279.15	21279.65	21275.85	21278.15	57	0	290
2024.12.31	14:40:00	21278.35	21283.15	21278.35	21280.75	80	0	280
2024.12.31	14:41:00	21280.85	21286.05	21280.55	21286.05	57	0	280
2024.12.31	14:42:00	21286.05	21287.15	21283.35	21283.35	83	0	280
2024.12.31	14:43:00	21284.85	21288.65	21284.35	21286.35	59	0	290
2024.12.31	14:44:00	21286.15	21287.55	21285.85	21286.15	64	0	290
2024.12.31	14:45:00	21285.85	21285.85	21279.75	21280.85	88	0	290
2024.12.31	14:46:00	21281.35	21281.85	21274.05	21275.85	104	0	290
2024.12.31	14:47:00	21276.15	21278.35	21274.05	21274.15	92	0	280
2024.12.31	14:48:00	21271.45	21274.95	21269.05	21269.65	127	0	280
2024.12.31	14:49:00	21269.65	21269.85	21258.25	21259.25	170	0	290
2024.12.31	14:50:00	21259.55	21264.15	21257.15	21261.05	139	0	290
2024.12.31	14:51:00	21261.35	21266.05	21259.15	21266.05	131	0	290
2024.12.31	14:52:00	21265.85	21266.15	21261.35	21265.85	97	0	290
2024.12.31	14:53:00	21265.75	21268.65	21262.55	21264.85	116	0	290
2024.12.31	14:54:00	21264.75	21267.25	21260.85	21261.05	96	0	290
2024.12.31	14:55:00	21261.05	21262.55	21250.05	21251.35	174	0	290
2024.12.31	14:56:00	21251.65	21255.65	21241.75	21248.35	215	0	290
2024.12.31	14:57:00	21248.15	21248.15	21239.05	21239.05	199	0	290
2024.12.31	14:58:00	21239.65	21246.15	21239.55	21245.25	182	0	290
2024.12.31	14:59:00	21244.75	21248.25	21239.25	21243.65	170	0	290
2024.12.31	15:00:00	21244.75	21244.75	21237.65	21244.65	188	0	290
2024.12.31	15:01:00	21244.35	21247.35	21235.05	21236.35	174	0	290
2024.12.31	15:02:00	21236.35	21237.75	21232.75	21232.85	162	0	290
2024.12.31	15:03:00	21233.05	21234.05	21227.35	21229.35	184	0	290
2024.12.31	15:04:00	21229.35	21237.55	21229.35	21237.25	159	0	290
2024.12.31	15:05:00	21237.35	21237.35	21220.75	21224.65	183	0	290
2024.12.31	15:06:00	21224.55	21225.35	21215.15	21218.15	209	0	290
2024.12.31	15:07:00	21218.25	21230.85	21218.05	21229.15	173	0	290
2024.12.31	15:08:00	21228.85	21229.15	21222.75	21227.35	167	0	290
2024.12.31	15:09:00	21227.55	21234.35	21227.35	21231.35	182	0	290
2024.12.31	15:10:00	21231.65	21240.15	21231.35	21239.85	197	0	290
2024.12.31	15:11:00	21239.75	21248.15	21239.15	21247.15	226	0	290
2024.12.31	15:12:00	21247.25	21249.85	21243.55	21246.15	167	0	290
2024.12.31	15:13:00	21245.25	21255.55	21245.05	21253.85	131	0	290
2024.12.31	15:14:00	21254.05	21254.15	21250.05	21252.15	99	0	290
2024.12.31	15:15:00	21251.75	21260.25	21251.75	21260.25	176	0	290
2024.12.31	15:16:00	21260.15	21261.75	21254.05	21255.65	150	0	290
2024.12.31	15:17:00	21255.55	21258.25	21254.35	21258.15	107	0	290
2024.12.31	15:18:00	21257.35	21258.35	21253.35	21255.15	104	0	280
2024.12.31	15:19:00	21255.35	21258.65	21252.65	21253.35	128	0	280
2024.12.31	15:20:00	21253.55	21254.55	21231.85	21238.15	224	0	290
2024.12.31	15:21:00	21238.15	21241.15	21234.05	21237.55	195	0	290
2024.12.31	15:22:00	21237.25	21245.15	21234.25	21243.55	160	0	290
2024.12.31	15:23:00	21243.25	21247.15	21240.55	21245.35	136	0	290
2024.12.31	15:24:00	21245.55	21255.75	21245.55	21254.05	180	0	290
2024.12.31	15:25:00	21254.15	21258.05	21246.15	21248.55	156	0	290
2024.12.31	15:26:00	21248.55	21250.75	21242.65	21245.35	173	0	290
2024.12.31	15:27:00	21245.65	21252.55	21245.05	21250.55	137	0	290
2024.12.31	15:28:00	21250.35	21255.85	21249.25	21254.15	121	0	290
2024.12.31	15:29:00	21254.35	21255.35	21250.35	21251.55	116	0	290
2024.12.31	15:30:00	21251.25	21252.85	21244.05	21251.55	178	0	290
2024.12.31	15:31:00	21251.35	21266.75	21251.05	21266.75	202	0	290
2024.12.31	15:32:00	21266.35	21272.55	21266.15	21271.25	197	0	290
2024.12.31	15:33:00	21271.35	21272.05	21263.65	21267.15	167	0	290
2024.12.31	15:34:00	21266.65	21267.75	21259.05	21265.05	148	0	290
2024.12.31	15:35:00	21265.65	21268.05	21263.55	21266.25	139	0	290
2024.12.31	15:36:00	21266.35	21272.35	21264.05	21271.35	133	0	290
2024.12.31	15:37:00	21270.85	21273.25	21264.55	21267.65	151	0	290
2024.12.31	15:38:00	21267.25	21273.15	21267.25	21271.15	141	0	290
2024.12.31	15:39:00	21271.35	21273.25	21269.85	21271.15	116	0	290
2024.12.31	15:40:00	21271.15	21275.35	21269.25	21274.65	125	0	290
2024.12.31	15:41:00	21275.05	21277.85	21272.35	21274.35	114	0	290
2024.12.31	15:42:00	21274.75	21275.15	21269.55	21272.35	126	0	290
2024.12.31	15:43:00	21272.55	21272.65	21263.35	21264.05	119	0	290
2024.12.31	15:44:00	21263.75	21266.85	21262.35	21266.55	141	0	290
2024.12.31	15:45:00	21265.85	21265.85	21256.25	21260.75	173	0	290
2024.12.31	15:46:00	21259.85	21263.35	21258.05	21262.65	133	0	290
2024.12.31	15:47:00	21262.15	21264.15	21256.85	21257.15	133	0	290
2024.12.31	15:48:00	21257.35	21258.25	21246.65	21248.65	189	0	290
2024.12.31	15:49:00	21249.15	21251.65	21242.65	21249.05	191	0	290
2024.12.31	15:50:00	21249.25	21254.65	21246.65	21247.25	169	0	290
2024.12.31	15:51:00	21248.15	21252.85	21245.75	21251.85	148	0	290
2024.12.31	15:52:00	21252.85	21255.25	21247.15	21255.15	145	0	290
2024.12.31	15:53:00	21256.25	21257.75	21253.55	21255.05	133	0	290
2024.12.31	15:54:00	21255.15	21255.25	21248.05	21251.15	128	0	290
2024.12.31	15:55:00	21250.85	21252.25	21237.75	21237.75	187	0	290
2024.12.31	15:56:00	21236.65	21240.55	21236.05	21240.25	158	0	290
2024.12.31	15:57:00	21240.65	21245.65	21239.25	21242.85	125	0	290
2024.12.31	15:58:00	21243.25	21248.15	21242.35	21245.85	111	0	290
2024.12.31	15:59:00	21245.75	21247.85	21239.15	21239.55	135	0	290
2024.12.31	16:00:00	21240.25	21240.65	21224.55	21229.35	222	0	290
2024.12.31	16:01:00	21229.65	21232.65	21222.65	21225.85	205	0	290
2024.12.31	16:02:00	21226.55	21235.05	21226.55	21231.85	179	0	290
2024.12.31	16:03:00	21231.35	21240.25	21231.35	21235.85	163	0	290
2024.12.31	16:04:00	21235.85	21236.35	21224.15	21226.15	162	0	290
2024.12.31	16:05:00	21226.15	21233.35	21224.35	21233.35	152	0	290
2024.12.31	16:06:00	21233.15	21244.05	21227.05	21242.85	201	0	290
2024.12.31	16:07:00	21242.75	21245.35	21238.75	21245.35	159	0	290
2024.12.31	16:08:00	21245.15	21248.25	21241.65	21248.25	160	0	290
2024.12.31	16:09:00	21248.25	21251.85	21243.65	21250.35	161	0	290
2024.12.31	16:10:00	21249.75	21252.55	21241.65	21250.65	187	0	290
2024.12.31	16:11:00	21250.65	21254.85	21247.65	21250.15	180	0	290
2024.12.31	16:12:00	21250.25	21255.55	21248.85	21253.35	154	0	290
2024.12.31	16:13:00	21253.15	21258.05	21252.85	21257.85	151	0	290
2024.12.31	16:14:00	21257.65	21259.35	21251.05	21254.65	168	0	290
2024.12.31	16:15:00	21254.75	21256.75	21251.25	21256.25	152	0	290
2024.12.31	16:16:00	21256.35	21263.35	21255.65	21259.55	172	0	290
2024.12.31	16:17:00	21260.05	21260.05	21252.25	21252.75	178	0	290
2024.12.31	16:18:00	21252.35	21256.55	21252.15	21254.05	126	0	290
2024.12.31	16:19:00	21252.65	21253.65	21248.35	21253.65	166	0	290
2024.12.31	16:20:00	21253.65	21259.65	21251.15	21257.75	157	0	290
2024.12.31	16:21:00	21257.65	21261.65	21256.85	21260.15	167	0	290
2024.12.31	16:22:00	21259.85	21261.75	21256.15	21256.65	143	0	290
2024.12.31	16:23:00	21256.65	21261.85	21252.75	21261.15	160	0	290
2024.12.31	16:24:00	21261.35	21262.65	21258.85	21259.15	133	0	290
2024.12.31	16:25:00	21258.15	21262.35	21256.85	21259.65	171	0	290
2024.12.31	16:26:00	21259.05	21259.65	21254.25	21255.65	161	0	290
2024.12.31	16:27:00	21255.65	21258.15	21240.35	21241.75	240	0	290
2024.12.31	16:28:00	21241.85	21246.15	21239.05	21243.25	212	0	290
2024.12.31	16:29:00	21243.15	21246.05	21236.55	21237.55	234	0	290
2024.12.31	16:30:00	21237.65	21255.85	21227.45	21250.45	334	0	100
2024.12.31	16:31:00	21252.95	21254.95	21217.75	21220.95	325	0	150
2024.12.31	16:32:00	21222.75	21242.05	21215.95	21216.95	331	0	150
2024.12.31	16:33:00	21213.05	21267.55	21213.05	21258.75	326	0	150
2024.12.31	16:34:00	21258.45	21266.55	21238.35	21240.95	320	0	150
2024.12.31	16:35:00	21242.25	21255.85	21225.35	21227.95	328	0	150
2024.12.31	16:36:00	21227.55	21235.85	21202.35	21203.35	330	0	150
2024.12.31	16:37:00	21204.05	21211.55	21185.35	21186.75	335	0	150
2024.12.31	16:38:00	21187.45	21188.95	21158.95	21167.25	334	0	150
2024.12.31	16:39:00	21167.85	21181.25	21159.75	21161.45	321	0	150
2024.12.31	16:40:00	21160.45	21179.25	21160.25	21173.95	333	0	150
2024.12.31	16:41:00	21175.75	21179.95	21162.45	21171.35	320	0	150
2024.12.31	16:42:00	21171.25	21175.45	21148.25	21175.45	321	0	150
2024.12.31	16:43:00	21175.45	21189.05	21165.25	21179.35	331	0	150
2024.12.31	16:44:00	21178.05	21189.85	21169.75	21178.85	297	0	150
2024.12.31	16:45:00	21179.95	21200.55	21173.95	21189.05	317	0	150
2024.12.31	16:46:00	21187.25	21219.25	21187.25	21216.55	316	0	150
2024.12.31	16:47:00	21217.55	21226.95	21212.85	21225.85	304	0	150
2024.12.31	16:48:00	21225.35	21229.85	21217.35	21223.35	297	0	150
2024.12.31	16:49:00	21227.05	21231.45	21221.05	21223.25	308	0	150
2024.12.31	16:50:00	21222.85	21226.05	21182.55	21186.45	315	0	150
2024.12.31	16:51:00	21185.05	21202.25	21181.35	21200.25	310	0	150
2024.12.31	16:52:00	21198.85	21208.85	21184.45	21197.85	312	0	150
2024.12.31	16:53:00	21197.85	21198.85	21178.35	21181.85	304	0	150
2024.12.31	16:54:00	21183.25	21193.85	21165.55	21190.85	312	0	150
2024.12.31	16:55:00	21193.25	21202.45	21186.45	21190.35	305	0	150
2024.12.31	16:56:00	21189.95	21196.85	21182.35	21191.85	302	0	150
2024.12.31	16:57:00	21192.55	21214.25	21190.35	21207.95	307	0	150
2024.12.31	16:58:00	21208.35	21213.55	21198.05	21207.35	304	0	150
2024.12.31	16:59:00	21207.55	21221.25	21206.05	21214.05	299	0	150
2024.12.31	17:00:00	21213.55	21216.35	21200.55	21212.85	315	0	150
2024.12.31	17:01:00	21212.75	21218.95	21201.85	21217.35	311	0	150
2024.12.31	17:02:00	21215.85	21238.35	21215.25	21231.05	317	0	150
2024.12.31	17:03:00	21231.05	21233.45	21208.55	21216.85	302	0	150
2024.12.31	17:04:00	21217.05	21217.55	21190.85	21199.85	316	0	150
2024.12.31	17:05:00	21199.55	21211.55	21193.55	21197.55	315	0	150
2024.12.31	17:06:00	21198.55	21200.35	21175.85	21180.95	321	0	150
2024.12.31	17:07:00	21181.85	21182.45	21140.05	21148.35	317	0	150
2024.12.31	17:08:00	21148.05	21154.05	21129.55	21139.45	328	0	150
2024.12.31	17:09:00	21139.45	21145.55	21126.95	21129.95	311	0	150
2024.12.31	17:10:00	21129.85	21156.95	21128.35	21141.85	319	0	150
2024.12.31	17:11:00	21141.85	21145.35	21113.85	21121.45	327	0	150
2024.12.31	17:12:00	21118.95	21132.75	21114.85	21130.55	318	0	150
2024.12.31	17:13:00	21129.55	21156.25	21129.55	21147.35	324	0	150
2024.12.31	17:14:00	21147.45	21170.75	21139.45	21163.95	305	0	150
2024.12.31	17:15:00	21163.75	21170.35	21150.75	21157.25	337	0	150
2024.12.31	17:16:00	21156.45	21173.55	21147.45	21163.05	304	0	150
2024.12.31	17:17:00	21163.45	21167.45	21152.55	21163.85	310	0	150
2024.12.31	17:18:00	21164.55	21190.85	21164.55	21188.55	315	0	150
2024.12.31	17:19:00	21187.85	21200.55	21186.85	21199.85	313	0	150
2024.12.31	17:20:00	21198.55	21199.35	21187.35	21189.85	282	0	150
2024.12.31	17:21:00	21188.45	21203.85	21186.85	21188.85	304	0	150
2024.12.31	17:22:00	21191.25	21211.75	21189.95	21206.75	319	0	150
2024.12.31	17:23:00	21206.95	21217.05	21203.35	21215.85	308	0	150
2024.12.31	17:24:00	21214.55	21218.55	21210.35	21215.85	298	0	150
2024.12.31	17:25:00	21216.05	21226.75	21212.45	21226.45	310	0	150
2024.12.31	17:26:00	21227.05	21234.25	21224.85	21229.05	289	0	150
2024.12.31	17:27:00	21228.85	21242.95	21225.35	21239.75	297	0	150
2024.12.31	17:28:00	21239.35	21247.35	21176.45	21208.25	315	0	150
2024.12.31	17:29:00	21209.05	21211.35	21188.45	21195.95	319	0	150
2024.12.31	17:30:00	21195.35	21202.85	21185.75	21202.85	301	0	150
2024.12.31	17:31:00	21206.75	21210.95	21194.45	21207.35	280	0	150
2024.12.31	17:32:00	21208.75	21222.35	21199.95	21202.45	300	0	150
2024.12.31	17:33:00	21203.05	21206.95	21166.35	21166.35	315	0	150
2024.12.31	17:34:00	21167.85	21172.75	21156.05	21166.25	320	0	150
2024.12.31	17:35:00	21170.05	21182.45	21161.75	21175.95	319	0	150
2024.12.31	17:36:00	21175.75	21189.55	21174.75	21182.45	295	0	150
2024.12.31	17:37:00	21182.75	21183.45	21154.95	21177.85	321	0	150
2024.12.31	17:38:00	21177.75	21196.35	21173.25	21196.25	317	0	150
2024.12.31	17:39:00	21195.95	21200.25	21189.95	21198.55	312	0	150
2024.12.31	17:40:00	21196.45	21202.95	21168.35	21179.75	311	0	150
2024.12.31	17:41:00	21180.45	21180.45	21158.55	21166.05	307	0	150
2024.12.31	17:42:00	21165.75	21175.85	21161.25	21169.05	299	0	150
2024.12.31	17:43:00	21168.75	21171.55	21154.25	21171.25	304	0	150
2024.12.31	17:44:00	21169.75	21172.35	21155.45	21156.75	288	0	150
2024.12.31	17:45:00	21159.45	21168.45	21155.25	21164.35	292	0	150
2024.12.31	17:46:00	21164.05	21166.45	21147.35	21165.35	309	0	150
2024.12.31	17:47:00	21163.25	21167.45	21154.25	21165.05	297	0	150
2024.12.31	17:48:00	21164.95	21174.25	21163.75	21170.95	301	0	150
2024.12.31	17:49:00	21171.45	21179.85	21144.05	21147.95	306	0	150
2024.12.31	17:50:00	21148.75	21162.95	21144.25	21160.05	297	0	150
2024.12.31	17:51:00	21159.95	21182.95	21158.05	21180.45	288	0	150
2024.12.31	17:52:00	21179.75	21185.75	21171.25	21183.75	291	0	150
2024.12.31	17:53:00	21183.75	21187.85	21171.35	21173.45	284	0	150
2024.12.31	17:54:00	21173.45	21189.05	21171.75	21184.45	303	0	150
2024.12.31	17:55:00	21183.85	21187.45	21174.95	21184.55	296	0	150
2024.12.31	17:56:00	21185.55	21185.85	21173.95	21177.55	295	0	150
2024.12.31	17:57:00	21177.25	21180.35	21170.95	21175.85	278	0	150
2024.12.31	17:58:00	21175.35	21175.55	21161.25	21165.05	293	0	150
2024.12.31	17:59:00	21165.25	21168.35	21155.95	21158.85	289	0	150
2024.12.31	18:00:00	21158.35	21163.45	21147.95	21152.55	310	0	150
2024.12.31	18:01:00	21152.05	21153.05	21143.25	21148.05	287	0	150
2024.12.31	18:02:00	21147.95	21152.35	21136.25	21137.25	295	0	150
2024.12.31	18:03:00	21137.05	21146.55	21118.85	21119.35	275	0	150
2024.12.31	18:04:00	21121.85	21122.85	21095.05	21106.45	320	0	150
2024.12.31	18:05:00	21108.05	21108.85	21096.25	21103.55	297	0	150
2024.12.31	18:06:00	21103.05	21119.75	21100.55	21102.85	312	0	150
2024.12.31	18:07:00	21102.85	21114.85	21093.35	21114.85	311	0	150
2024.12.31	18:08:00	21115.95	21119.05	21101.55	21103.75	297	0	150
2024.12.31	18:09:00	21103.85	21124.85	21103.75	21123.05	295	0	150
2024.12.31	18:10:00	21123.55	21132.75	21101.75	21105.35	300	0	150
2024.12.31	18:11:00	21105.55	21110.45	21101.55	21105.25	270	0	150
2024.12.31	18:12:00	21105.35	21111.85	21099.05	21105.85	275	0	150
2024.12.31	18:13:00	21106.05	21119.05	21106.05	21116.55	301	0	150
2024.12.31	18:14:00	21116.05	21123.95	21114.35	21121.05	286	0	150
2024.12.31	18:15:00	21121.55	21124.55	21103.55	21103.55	289	0	150
2024.12.31	18:16:00	21103.05	21118.45	21103.05	21112.05	274	0	150
2024.12.31	18:17:00	21112.55	21125.25	21111.35	21116.55	268	0	150
2024.12.31	18:18:00	21116.55	21125.35	21106.85	21108.05	277	0	150
2024.12.31	18:19:00	21108.35	21109.05	21086.45	21086.45	294	0	150
2024.12.31	18:20:00	21089.55	21093.55	21074.25	21092.25	305	0	150
2024.12.31	18:21:00	21092.05	21098.45	21085.35	21086.05	300	0	150
2024.12.31	18:22:00	21086.55	21088.55	21070.85	21077.35	290	0	150
2024.12.31	18:23:00	21076.55	21106.05	21075.35	21101.85	299	0	150
2024.12.31	18:24:00	21103.75	21104.05	21085.05	21085.85	279	0	150
2024.12.31	18:25:00	21085.55	21095.75	21084.25	21085.85	288	0	150
2024.12.31	18:26:00	21085.35	21093.25	21085.35	21089.35	282	0	150
2024.12.31	18:27:00	21089.55	21098.05	21083.75	21097.35	290	0	150
2024.12.31	18:28:00	21097.25	21097.25	21079.75	21087.05	301	0	150
2024.12.31	18:29:00	21086.05	21094.45	21079.05	21079.55	246	0	150
2024.12.31	18:30:00	21079.55	21085.25	21075.55	21083.35	267	0	150
2024.12.31	18:31:00	21082.85	21084.35	21068.75	21081.05	280	0	150
2024.12.31	18:32:00	21081.35	21082.85	21068.95	21069.25	279	0	150
2024.12.31	18:33:00	21069.35	21081.35	21066.55	21074.75	304	0	150
2024.12.31	18:34:00	21075.25	21085.25	21072.05	21078.85	277	0	150
2024.12.31	18:35:00	21078.55	21085.05	21072.75	21081.35	287	0	150
2024.12.31	18:36:00	21082.05	21092.25	21081.35	21085.85	285	0	150
2024.12.31	18:37:00	21086.55	21087.05	21075.85	21081.05	248	0	150
2024.12.31	18:38:00	21080.95	21087.75	21076.25	21079.25	252	0	150
2024.12.31	18:39:00	21079.35	21083.35	21074.45	21076.85	243	0	150
2024.12.31	18:40:00	21076.85	21083.75	21070.75	21081.85	279	0	150
2024.12.31	18:41:00	21081.95	21087.05	21079.05	21081.55	265	0	150
2024.12.31	18:42:00	21084.35	21104.25	21084.35	21104.25	290	0	150
2024.12.31	18:43:00	21104.05	21114.75	21101.85	21109.85	290	0	150
2024.12.31	18:44:00	21109.85	21113.45	21102.45	21107.85	272	0	150
2024.12.31	18:45:00	21107.75	21124.05	21105.55	21117.95	289	0	150
2024.12.31	18:46:00	21118.35	21118.45	21101.35	21105.55	268	0	150
2024.12.31	18:47:00	21105.35	21118.05	21104.55	21112.95	249	0	150
2024.12.31	18:48:00	21113.55	21133.35	21109.55	21132.05	300	0	150
2024.12.31	18:49:00	21131.85	21133.35	21123.85	21128.35	266	0	150
2024.12.31	18:50:00	21127.55	21140.35	21126.35	21138.95	268	0	150
2024.12.31	18:51:00	21139.25	21140.25	21124.85	21128.45	271	0	150
2024.12.31	18:52:00	21128.05	21128.45	21108.55	21116.85	299	0	150
2024.12.31	18:53:00	21116.05	21118.05	21111.55	21112.85	271	0	150
2024.12.31	18:54:00	21113.05	21120.55	21111.75	21112.45	276	0	150
2024.12.31	18:55:00	21112.55	21113.45	21097.75	21103.05	268	0	150
2024.12.31	18:56:00	21102.85	21112.75	21098.25	21109.55	281	0	150
2024.12.31	18:57:00	21110.05	21117.25	21108.55	21112.25	268	0	150
2024.12.31	18:58:00	21111.45	21113.95	21098.95	21101.45	265	0	150
2024.12.31	18:59:00	21101.45	21111.25	21098.75	21109.75	253	0	150
2024.12.31	19:00:00	21109.45	21109.95	21096.25	21097.45	262	0	150
2024.12.31	19:01:00	21097.35	21100.85	21088.75	21093.35	293	0	150
2024.12.31	19:02:00	21093.35	21095.55	21080.75	21089.35	302	0	150
2024.12.31	19:03:00	21090.25	21106.75	21087.95	21105.05	291	0	150
2024.12.31	19:04:00	21105.05	21111.45	21101.55	21106.55	283	0	150
2024.12.31	19:05:00	21106.35	21111.45	21100.85	21102.05	260	0	150
2024.12.31	19:06:00	21102.05	21107.85	21095.05	21106.35	256	0	150
2024.12.31	19:07:00	21106.05	21114.75	21100.35	21104.05	274	0	150
2024.12.31	19:08:00	21103.85	21117.85	21102.55	21117.55	257	0	150
2024.12.31	19:09:00	21118.05	21123.25	21114.35	21116.75	237	0	150
2024.12.31	19:10:00	21117.05	21123.35	21112.05	21113.25	259	0	140
2024.12.31	19:11:00	21113.35	21113.55	21099.85	21099.85	271	0	140
2024.12.31	19:12:00	21099.25	21099.25	21084.85	21087.45	275	0	140
2024.12.31	19:13:00	21088.35	21102.75	21082.45	21099.05	267	0	150
2024.12.31	19:14:00	21098.35	21100.45	21094.95	21095.75	243	0	150
2024.12.31	19:15:00	21095.95	21102.05	21092.85	21099.45	257	0	150
2024.12.31	19:16:00	21099.35	21103.55	21095.55	21102.55	247	0	150
2024.12.31	19:17:00	21102.05	21102.35	21094.05	21099.05	236	0	140
2024.12.31	19:18:00	21099.05	21105.35	21095.05	21104.95	248	0	130
2024.12.31	19:19:00	21104.45	21117.85	21102.95	21110.05	280	0	130
2024.12.31	19:20:00	21110.45	21116.85	21105.95	21108.85	262	0	120
2024.12.31	19:21:00	21108.75	21109.15	21080.75	21080.75	279	0	120
2024.12.31	19:22:00	21080.25	21083.95	21076.35	21077.15	293	0	130
2024.12.31	19:23:00	21076.85	21076.85	21059.95	21063.85	274	0	140
2024.12.31	19:24:00	21062.05	21068.25	21059.95	21063.55	259	0	150
2024.12.31	19:25:00	21063.85	21073.85	21062.85	21073.55	265	0	150
2024.12.31	19:26:00	21072.25	21079.75	21067.75	21068.35	252	0	150
2024.12.31	19:27:00	21068.05	21068.05	21047.35	21053.05	293	0	150
2024.12.31	19:28:00	21053.35	21058.05	21044.95	21047.35	283	0	150
2024.12.31	19:29:00	21047.45	21049.75	21036.55	21042.55	289	0	150
2024.12.31	19:30:00	21039.85	21050.05	21037.75	21038.45	286	0	150
2024.12.31	19:31:00	21037.95	21045.85	21036.75	21038.55	258	0	150
2024.12.31	19:32:00	21038.45	21041.25	21017.95	21018.95	290	0	150
2024.12.31	19:33:00	21018.85	21022.45	21013.75	21016.95	292	0	150
2024.12.31	19:34:00	21016.75	21029.75	21015.75	21027.85	307	0	150
2024.12.31	19:35:00	21027.75	21030.75	21014.55	21015.55	278	0	150
2024.12.31	19:36:00	21015.85	21020.55	21006.25	21007.45	288	0	150
2024.12.31	19:37:00	21006.85	21013.25	21001.75	21005.45	297	0	150
2024.12.31	19:38:00	21005.55	21008.35	20999.75	20999.75	274	0	150
2024.12.31	19:39:00	20999.75	21000.35	20992.05	20997.25	284	0	150
2024.12.31	19:40:00	20997.75	20999.45	20991.05	20991.05	288	0	150
2024.12.31	19:41:00	20992.25	21010.25	20989.45	21006.85	295	0	150
2024.12.31	19:42:00	21006.95	21008.95	20996.55	20998.85	279	0	150
2024.12.31	19:43:00	20998.95	21012.75	20998.25	21011.55	293	0	150
2024.12.31	19:44:00	21011.05	21013.95	21004.25	21004.75	282	0	150
2024.12.31	19:45:00	21005.75	21010.25	20999.95	21003.35	262	0	150
2024.12.31	19:46:00	21003.25	21003.95	20998.35	20998.35	240	0	150
2024.12.31	19:47:00	20998.35	21014.45	20995.75	21014.45	261	0	140
2024.12.31	19:48:00	21013.55	21013.55	21003.95	21004.95	279	0	150
2024.12.31	19:49:00	21004.85	21011.55	21000.85	21005.95	277	0	150
2024.12.31	19:50:00	21005.45	21010.55	21001.35	21006.85	258	0	150
2024.12.31	19:51:00	21006.45	21021.85	21006.45	21008.95	293	0	150
2024.12.31	19:52:00	21009.45	21014.95	21005.75	21012.45	267	0	150
2024.12.31	19:53:00	21013.95	21023.55	21012.75	21017.25	254	0	140
2024.12.31	19:54:00	21017.25	21043.25	21017.25	21039.45	299	0	140
2024.12.31	19:55:00	21039.45	21053.25	21038.25	21051.25	301	0	150
2024.12.31	19:56:00	21050.95	21066.45	21048.95	21052.75	311	0	150
2024.12.31	19:57:00	21053.25	21062.35	21050.75	21054.85	283	0	150
2024.12.31	19:58:00	21054.35	21077.85	21052.25	21076.85	312	0	150
2024.12.31	19:59:00	21079.25	21098.05	21077.85	21094.05	325	0	150
2024.12.31	20:00:00	21092.95	21095.05	21067.45	21068.05	304	0	150
2024.12.31	20:01:00	21067.95	21083.95	21066.45	21077.55	279	0	150
2024.12.31	20:02:00	21077.55	21093.35	21076.25	21087.05	278	0	150
2024.12.31	20:03:00	21086.85	21089.05	21069.85	21076.35	264	0	150
2024.12.31	20:04:00	21076.85	21090.75	21076.85	21090.35	246	0	150
2024.12.31	20:05:00	21089.75	21094.35	21084.55	21093.05	255	0	150
2024.12.31	20:06:00	21093.05	21095.55	21081.35	21090.55	255	0	150
2024.12.31	20:07:00	21090.35	21116.45	21089.35	21108.05	290	0	150
2024.12.31	20:08:00	21108.25	21110.75	21089.35	21090.45	285	0	150
2024.12.31	20:09:00	21091.05	21093.05	21082.55	21092.95	289	0	150
2024.12.31	20:10:00	21089.85	21092.75	21082.95	21090.45	275	0	150
2024.12.31	20:11:00	21089.35	21091.85	21077.55	21078.75	256	0	150
2024.12.31	20:12:00	21079.05	21087.25	21077.85	21085.55	255	0	150
2024.12.31	20:13:00	21085.45	21086.35	21058.45	21062.35	309	0	150
2024.12.31	20:14:00	21062.55	21067.85	21059.85	21060.75	271	0	150
2024.12.31	20:15:00	21060.75	21067.45	21056.85	21058.25	279	0	150
2024.12.31	20:16:00	21058.25	21079.75	21056.55	21078.35	287	0	150
2024.12.31	20:17:00	21078.75	21081.35	21064.05	21065.85	265	0	150
2024.12.31	20:18:00	21065.75	21068.05	21058.25	21062.35	248	0	150
2024.12.31	20:19:00	21062.05	21062.35	21047.45	21048.25	295	0	150
2024.12.31	20:20:00	21049.05	21051.75	21043.85	21046.35	282	0	150
2024.12.31	20:21:00	21046.55	21047.55	21017.55	21024.05	281	0	150
2024.12.31	20:22:00	21023.35	21025.75	21008.85	21011.95	312	0	150
2024.12.31	20:23:00	21012.25	21019.55	21009.85	21015.05	283	0	150
2024.12.31	20:24:00	21015.55	21016.85	20997.75	21001.35	297	0	150
2024.12.31	20:25:00	21002.75	21022.35	21000.75	21020.75	299	0	150
2024.12.31	20:26:00	21019.45	21022.25	20997.95	20997.95	271	0	150
2024.12.31	20:27:00	20997.75	21000.35	20990.55	20990.55	281	0	150
2024.12.31	20:28:00	20990.25	21011.25	20990.25	21009.35	286	0	150
2024.12.31	20:29:00	21008.35	21008.35	20997.85	20999.05	267	0	150
2024.12.31	20:30:00	20998.85	21010.55	20994.45	21008.55	281	0	150
2024.12.31	20:31:00	21008.75	21016.55	21005.35	21010.75	270	0	150
2024.12.31	20:32:00	21011.05	21013.75	21004.35	21007.05	249	0	150
2024.12.31	20:33:00	21006.35	21016.75	21004.35	21012.35	255	0	150
2024.12.31	20:34:00	21012.95	21030.35	21011.35	21014.55	289	0	150
2024.12.31	20:35:00	21014.35	21017.85	21003.05	21004.55	268	0	150
2024.12.31	20:36:00	21004.35	21009.85	20998.35	21000.55	257	0	150
2024.12.31	20:37:00	21000.45	21002.35	20983.85	20992.25	274	0	150
2024.12.31	20:38:00	20992.25	21006.35	20991.05	21006.35	275	0	150
2024.12.31	20:39:00	21006.35	21012.05	21003.35	21012.05	273	0	150
2024.12.31	20:40:00	21012.35	21021.75	21008.75	21018.85	281	0	150
2024.12.31	20:41:00	21018.85	21018.85	21006.05	21007.85	270	0	150
2024.12.31	20:42:00	21007.85	21013.85	21003.75	21003.75	244	0	150
2024.12.31	20:43:00	21002.95	21026.45	21002.45	21016.25	295	0	150
2024.12.31	20:44:00	21016.55	21019.85	21008.35	21017.85	266	0	150
2024.12.31	20:45:00	21017.55	21020.75	21009.05	21009.25	246	0	150
2024.12.31	20:46:00	21009.05	21020.05	21006.45	21013.55	275	0	150
2024.12.31	20:47:00	21013.85	21022.05	21011.35	21015.05	265	0	150
2024.12.31	20:48:00	21015.05	21033.35	21013.75	21028.85	263	0	150
2024.12.31	20:49:00	21028.85	21031.45	21021.35	21021.35	267	0	150
2024.12.31	20:50:00	21021.95	21044.95	21020.05	21033.35	293	0	150
2024.12.31	20:51:00	21032.95	21032.95	21016.05	21017.35	268	0	150
2024.12.31	20:52:00	21017.05	21023.55	21009.05	21017.25	265	0	150
2024.12.31	20:53:00	21016.05	21019.05	21008.35	21012.55	245	0	150
2024.12.31	20:54:00	21013.85	21014.85	21008.35	21012.85	243	0	150
2024.12.31	20:55:00	21012.85	21018.55	21008.95	21015.55	265	0	150
2024.12.31	20:56:00	21015.55	21016.95	21011.05	21014.25	257	0	150
2024.12.31	20:57:00	21013.35	21015.05	20997.35	20999.35	287	0	150
2024.12.31	20:58:00	20999.35	21010.45	20999.35	21002.55	270	0	150
2024.12.31	20:59:00	21003.05	21006.95	20999.25	20999.55	253	0	150
2024.12.31	21:00:00	20999.85	21006.75	20991.05	21004.85	275	0	150
2024.12.31	21:01:00	21004.95	21007.35	20997.85	20997.85	265	0	150
2024.12.31	21:02:00	20996.05	20997.35	20977.45	20978.45	295	0	150
2024.12.31	21:03:00	20978.55	20990.95	20966.75	20985.85	306	0	150
2024.12.31	21:04:00	20985.55	20996.55	20981.05	20991.85	284	0	150
2024.12.31	21:05:00	20990.55	21010.35	20988.95	21003.05	287	0	150
2024.12.31	21:06:00	21002.55	21014.25	20999.05	21012.75	274	0	150
2024.12.31	21:07:00	21011.75	21021.45	21008.95	21020.85	271	0	150
2024.12.31	21:08:00	21020.85	21035.05	21020.85	21028.55	279	0	150
2024.12.31	21:09:00	21028.05	21035.85	21023.35	21032.95	253	0	150
2024.12.31	21:10:00	21032.55	21049.85	21032.55	21036.55	290	0	150
2024.12.31	21:11:00	21037.95	21049.35	21036.95	21040.35	258	0	150
2024.12.31	21:12:00	21041.05	21048.95	21039.55	21046.25	237	0	150
2024.12.31	21:13:00	21047.05	21051.85	21041.45	21042.85	267	0	150
2024.12.31	21:14:00	21043.25	21054.45	21043.25	21048.35	272	0	150
2024.12.31	21:15:00	21048.05	21050.85	21039.45	21039.85	259	0	150
2024.12.31	21:16:00	21039.55	21042.05	21030.95	21031.25	270	0	150
2024.12.31	21:17:00	21030.75	21034.35	21018.55	21020.55	257	0	150
2024.12.31	21:18:00	21021.05	21023.85	21008.25	21013.35	278	0	150
2024.12.31	21:19:00	21013.05	21015.25	21004.55	21006.85	275	0	150
2024.12.31	21:20:00	21007.95	21011.75	20991.25	20994.45	287	0	150
2024.12.31	21:21:00	20994.55	21001.05	20982.55	20984.45	283	0	150
2024.12.31	21:22:00	20984.55	20986.55	20978.45	20981.95	284	0	150
2024.12.31	21:23:00	20981.75	21006.05	20980.55	20993.05	286	0	150
2024.12.31	21:24:00	20993.25	20997.75	20982.25	20987.45	257	0	150
2024.12.31	21:25:00	20987.55	20995.05	20987.55	20992.55	258	0	150
2024.12.31	21:26:00	20992.35	21007.45	20991.55	20997.85	272	0	150
2024.12.31	21:27:00	20998.05	21001.85	20989.85	20989.95	253	0	150
2024.12.31	21:28:00	20990.05	20993.85	20983.55	20990.05	253	0	150
2024.12.31	21:29:00	20989.85	20990.95	20976.35	20977.85	259	0	150
2024.12.31	21:30:00	20978.45	20985.95	20974.25	20984.75	278	0	150
2024.12.31	21:31:00	20984.85	20984.85	20972.05	20974.05	272	0	150
2024.12.31	21:32:00	20972.95	20982.55	20972.45	20978.35	279	0	150
2024.12.31	21:33:00	20977.75	20986.25	20974.45	20980.55	261	0	150
2024.12.31	21:34:00	20980.55	20981.95	20973.55	20974.75	252	0	150
2024.12.31	21:35:00	20974.85	20991.35	20973.55	20990.35	272	0	150
2024.12.31	21:36:00	20990.05	20990.75	20979.25	20985.35	253	0	150
2024.12.31	21:37:00	20984.35	20997.75	20983.05	20996.55	278	0	150
2024.12.31	21:38:00	20996.55	21000.25	20989.85	20998.55	265	0	150
2024.12.31	21:39:00	20998.55	21005.55	20996.45	21001.05	269	0	150
2024.12.31	21:40:00	21001.05	21003.05	20984.05	20984.05	283	0	150
2024.12.31	21:41:00	20984.55	20988.05	20977.75	20978.55	262	0	150
2024.12.31	21:42:00	20978.45	20980.05	20962.25	20963.45	286	0	150
2024.12.31	21:43:00	20963.55	20970.75	20961.45	20968.05	296	0	150
2024.12.31	21:44:00	20966.95	20991.05	20966.95	20990.85	289	0	150
2024.12.31	21:45:00	20991.85	20998.55	20983.55	20997.85	278	0	150
2024.12.31	21:46:00	20997.25	20997.75	20984.35	20988.55	278	0	150
2024.12.31	21:47:00	20988.05	20990.75	20982.05	20982.85	261	0	150
2024.12.31	21:48:00	20983.95	21000.95	20983.35	20995.05	264	0	150
2024.12.31	21:49:00	20995.45	21003.25	20990.45	20993.55	248	0	150
2024.12.31	21:50:00	20993.45	21005.05	20991.55	20992.05	242	0	150
2024.12.31	21:51:00	20992.75	21005.35	20991.55	21002.95	255	0	150
2024.12.31	21:52:00	21002.45	21026.75	21001.55	21024.35	296	0	150
2024.12.31	21:53:00	21025.05	21033.25	21021.55	21023.35	290	0	150
2024.12.31	21:54:00	21022.45	21022.75	21008.55	21014.85	262	0	150
2024.12.31	21:55:00	21014.55	21018.55	21011.55	21014.85	243	0	150
2024.12.31	21:56:00	21014.85	21031.25	21014.85	21029.75	277	0	150
2024.12.31	21:57:00	21027.75	21041.35	21027.05	21039.05	274	0	150
2024.12.31	21:58:00	21039.05	21043.35	21032.55	21039.95	264	0	150
2024.12.31	21:59:00	21038.85	21048.25	21035.75	21048.05	276	0	150
2024.12.31	22:00:00	21042.55	21042.55	21035.95	21041.05	293	0	150
2024.12.31	22:01:00	21041.25	21045.75	21034.45	21039.75	277	0	150
2024.12.31	22:02:00	21039.25	21043.05	21036.35	21037.55	262	0	150
2024.12.31	22:03:00	21037.75	21039.25	21028.35	21034.75	264	0	150
2024.12.31	22:04:00	21033.45	21040.95	21031.75	21035.95	260	0	150
2024.12.31	22:05:00	21036.05	21044.35	21032.45	21041.45	248	0	150
2024.12.31	22:06:00	21041.45	21065.45	21040.95	21057.45	294	0	150
2024.12.31	22:07:00	21056.85	21060.25	21052.05	21054.55	265	0	150
2024.12.31	22:08:00	21052.75	21057.45	21044.85	21045.35	273	0	150
2024.12.31	22:09:00	21045.25	21052.05	21042.25	21048.45	252	0	150
2024.12.31	22:10:00	21045.05	21048.75	21034.05	21034.05	269	0	150
2024.12.31	22:11:00	21030.35	21037.55	21020.85	21026.25	291	0	150
2024.12.31	22:12:00	21026.05	21028.35	21012.55	21013.95	283	0	150
2024.12.31	22:13:00	21013.85	21016.85	20994.05	20994.05	285	0	150
2024.12.31	22:14:00	20994.85	21009.45	20994.35	21004.35	259	0	150
2024.12.31	22:15:00	21004.55	21014.85	20997.35	21005.55	278	0	150
2024.12.31	22:16:00	21005.85	21009.85	20993.55	21005.35	253	0	150
2024.12.31	22:17:00	21005.05	21021.55	21005.05	21011.45	275	0	150
2024.12.31	22:18:00	21011.45	21030.35	21011.05	21018.55	274	0	150
2024.12.31	22:19:00	21017.85	21031.55	21015.55	21028.05	255	0	150
2024.12.31	22:20:00	21029.95	21045.55	21028.85	21042.55	268	0	150
2024.12.31	22:21:00	21042.35	21055.55	21037.25	21051.25	265	0	150
2024.12.31	22:22:00	21050.45	21067.55	21048.95	21064.35	282	0	150
2024.12.31	22:23:00	21064.85	21072.85	21058.85	21061.55	293	0	150
2024.12.31	22:24:00	21061.85	21063.55	21046.45	21048.05	274	0	150
2024.12.31	22:25:00	21048.25	21073.35	21041.05	21072.05	288	0	150
2024.12.31	22:26:00	21072.05	21084.35	21071.05	21075.85	285	0	150
2024.12.31	22:27:00	21074.55	21075.25	21058.75	21070.55	287	0	150
2024.12.31	22:28:00	21070.85	21075.35	21062.85	21074.05	251	0	150
2024.12.31	22:29:00	21074.05	21089.35	21073.05	21088.55	286	0	150
2024.12.31	22:30:00	21085.35	21094.75	21069.55	21073.85	304	0	150
2024.12.31	22:31:00	21070.55	21078.05	21047.25	21078.05	289	0	150
2024.12.31	22:32:00	21073.55	21075.35	21066.55	21069.55	271	0	150
2024.12.31	22:33:00	21069.85	21069.85	21052.35	21054.25	279	0	150
2024.12.31	22:34:00	21053.55	21065.25	21049.75	21065.25	284	0	150
2024.12.31	22:35:00	21064.85	21093.35	21061.05	21086.45	301	0	150
2024.12.31	22:36:00	21086.95	21094.05	21067.75	21075.05	304	0	150
2024.12.31	22:37:00	21074.25	21078.75	21049.25	21050.95	282	0	150
2024.12.31	22:38:00	21047.85	21061.05	21044.35	21050.05	279	0	150
2024.12.31	22:39:00	21050.05	21061.85	21041.85	21048.55	293	0	150
2024.12.31	22:40:00	21048.85	21048.85	21032.85	21046.05	291	0	150
2024.12.31	22:41:00	21046.05	21062.75	21046.05	21062.05	294	0	150
2024.12.31	22:42:00	21061.85	21070.95	21044.85	21060.05	301	0	150
2024.12.31	22:43:00	21061.35	21064.55	21051.85	21058.85	283	0	150
2024.12.31	22:44:00	21057.75	21061.45	21044.55	21047.25	278	0	150
2024.12.31	22:45:00	21046.35	21050.05	21027.55	21032.95	317	0	150
2024.12.31	22:46:00	21031.85	21040.25	21020.55	21033.05	288	0	150
2024.12.31	22:47:00	21032.85	21060.75	21030.35	21051.55	307	0	150
2024.12.31	22:48:00	21050.45	21066.25	21050.45	21064.85	287	0	150
2024.12.31	22:49:00	21064.75	21077.25	21057.45	21065.55	296	0	150
2024.12.31	22:50:00	21061.55	21061.55	21022.95	21036.75	321	0	150
2024.12.31	22:51:00	21036.55	21049.95	21032.35	21035.95	301	0	150
2024.12.31	22:52:00	21033.25	21047.85	21018.05	21025.75	315	0	150
2024.12.31	22:53:00	21025.75	21025.75	21000.25	21007.85	320	0	150
2024.12.31	22:54:00	21010.55	21027.55	20990.45	20990.45	329	0	150
2024.12.31	22:55:00	20985.45	20998.35	20969.25	20974.95	337	0	150
2024.12.31	22:56:00	20976.75	20998.45	20975.05	20980.85	329	0	150
2024.12.31	22:57:00	20979.85	21002.85	20977.75	21000.05	301	0	150
2024.12.31	22:58:00	21004.45	21004.55	20984.85	20994.95	299	0	150
2024.12.31	22:59:00	21000.05	21014.85	20998.45	21000.55	320	0	150
2024.12.31	23:00:00	21000.34	21010.94	20976.54	21008.04	325	0	172
2024.12.31	23:01:00	21007.74	21022.14	21006.64	21012.04	284	0	312
2024.12.31	23:02:00	21012.24	21014.64	21005.24	21011.54	249	0	312
2024.12.31	23:03:00	21011.74	21013.44	20997.04	20999.14	238	0	312
2024.12.31	23:04:00	20999.04	21005.64	20999.04	21004.04	223	0	312
2024.12.31	23:05:00	21004.54	21013.24	20997.24	21004.64	215	0	312
2024.12.31	23:06:00	21008.24	21014.44	21002.74	21013.54	177	0	312
2024.12.31	23:07:00	21013.74	21023.24	21011.24	21021.54	202	0	312
2024.12.31	23:08:00	21021.54	21028.44	21013.54	21014.94	204	0	312
2024.12.31	23:09:00	21015.64	21022.04	21009.54	21022.04	176	0	312
2024.12.31	23:10:00	21021.24	21023.64	21018.54	21018.64	159	0	312
2024.12.31	23:11:00	21018.54	21021.94	21011.54	21019.94	165	0	312
2024.12.31	23:12:00	21020.04	21023.24	21013.44	21022.04	138	0	312
2024.12.31	23:13:00	21022.04	21022.74	21020.04	21020.04	111	0	312
2024.12.31	23:14:00	21020.04	21022.64	21015.14	21017.04	140	0	312
2024.12.31	23:15:00	21017.94	21018.44	21009.54	21010.64	132	0	312
2024.12.31	23:16:00	21009.44	21014.44	21009.44	21011.74	102	0	312
2024.12.31	23:17:00	21011.54	21015.44	21011.14	21014.74	77	0	312
2024.12.31	23:18:00	21014.24	21025.24	21014.14	21024.24	118	0	312
2024.12.31	23:19:00	21024.44	21025.04	21018.74	21020.94	118	0	312
2024.12.31	23:20:00	21020.74	21021.94	21017.54	21018.74	101	0	312
2024.12.31	23:21:00	21018.44	21018.54	21012.04	21013.64	111	0	312
2024.12.31	23:22:00	21014.04	21019.04	21013.24	21017.74	85	0	312
2024.12.31	23:23:00	21018.44	21018.44	21014.64	21016.24	104	0	312
2024.12.31	23:24:00	21015.44	21018.14	21006.94	21015.24	135	0	312
2024.12.31	23:25:00	21015.24	21018.94	21011.04	21013.24	102	0	312
2024.12.31	23:26:00	21013.14	21014.44	21008.04	21011.04	121	0	312
2024.12.31	23:27:00	21010.74	21010.94	21001.54	21003.14	134	0	312
2024.12.31	23:28:00	21003.94	21011.64	21003.94	21010.04	115	0	312
2024.12.31	23:29:00	21009.44	21010.04	21007.04	21008.14	83	0	312
2024.12.31	23:30:00	21008.14	21014.94	21008.14	21011.54	99	0	312
2024.12.31	23:31:00	21011.44	21011.74	21007.54	21009.54	68	0	312
2024.12.31	23:32:00	21008.54	21008.54	21005.44	21007.14	62	0	312
2024.12.31	23:33:00	21007.44	21007.44	21003.04	21003.44	56	0	302
2024.12.31	23:34:00	21003.44	21009.44	21003.34	21009.34	61	0	292
2024.12.31	23:35:00	21009.44	21012.54	21007.84	21008.94	88	0	292
2024.12.31	23:36:00	21009.34	21021.54	21008.54	21018.74	120	0	302
2024.12.31	23:37:00	21019.44	21024.24	21019.04	21022.14	82	0	312
2024.12.31	23:38:00	21021.94	21026.54	21021.94	21024.74	89	0	312
2024.12.31	23:39:00	21024.74	21024.74	21018.74	21018.74	71	0	312
2024.12.31	23:40:00	21018.24	21019.64	21017.74	21018.54	52	0	312
2024.12.31	23:41:00	21018.44	21022.04	21016.74	21019.04	66	0	282
2024.12.31	23:42:00	21018.94	21020.94	21017.54	21019.64	51	0	262
2024.12.31	23:43:00	21021.24	21026.44	21021.24	21024.94	72	0	262
2024.12.31	23:44:00	21025.24	21029.44	21025.24	21026.94	95	0	252
2024.12.31	23:45:00	21026.64	21027.14	21020.34	21021.54	102	0	282
2024.12.31	23:46:00	21021.34	21022.74	21019.24	21019.54	52	0	302
2024.12.31	23:47:00	21018.74	21023.24	21017.54	21018.24	68	0	302
2024.12.31	23:48:00	21017.54	21019.74	21015.74	21017.14	66	0	312
2024.12.31	23:49:00	21017.24	21018.44	21014.04	21014.74	76	0	312
2025.01.02	01:05:00	21100.15	21104.25	21088.65	21093.65	153	0	290
2025.01.02	01:06:00	21093.15	21093.75	21086.05	21091.35	119	0	290
2025.01.02	01:07:00	21091.65	21092.05	21086.15	21088.25	73	0	290
2025.01.02	01:08:00	21088.85	21097.25	21087.25	21096.05	70	0	290
2025.01.02	01:09:00	21098.05	21099.25	21091.75	21092.15	85	0	290
2025.01.02	01:10:00	21091.15	21091.15	21085.25	21086.85	85	0	290
2025.01.02	01:11:00	21087.15	21090.15	21087.15	21087.75	27	0	290
2025.01.02	01:12:00	21087.25	21089.15	21081.65	21081.65	44	0	290
2025.01.02	01:13:00	21081.75	21088.25	21081.15	21087.55	73	0	290
2025.01.02	01:14:00	21086.75	21088.05	21083.25	21084.35	50	0	290
2025.01.02	01:15:00	21084.05	21095.05	21084.05	21094.55	75	0	280
2025.01.02	01:16:00	21094.65	21094.95	21089.35	21089.85	50	0	280
2025.01.02	01:17:00	21090.05	21090.55	21086.05	21087.05	31	0	270
2025.01.02	01:18:00	21087.05	21087.05	21077.35	21079.55	73	0	260
2025.01.02	01:19:00	21079.55	21080.15	21078.55	21079.15	53	0	290
2025.01.02	01:20:00	21079.05	21079.15	21070.65	21071.75	93	0	290
2025.01.02	01:21:00	21073.15	21082.35	21071.75	21082.35	51	0	290
2025.01.02	01:22:00	21082.55	21087.25	21079.25	21081.65	59	0	290
2025.01.02	01:23:00	21082.05	21082.75	21078.55	21080.15	42	0	290
2025.01.02	01:24:00	21080.05	21081.75	21075.55	21081.75	60	0	290
2025.01.02	01:25:00	21081.85	21085.55	21079.15	21084.25	57	0	290
2025.01.02	01:26:00	21082.35	21086.15	21080.75	21082.55	58	0	290
2025.01.02	01:27:00	21083.15	21084.15	21077.05	21079.05	52	0	290
2025.01.02	01:28:00	21079.25	21079.55	21075.55	21076.55	54	0	290
2025.01.02	01:29:00	21076.15	21084.75	21076.05	21081.85	59	0	290
2025.01.02	01:30:00	21082.05	21088.85	21082.05	21087.85	92	0	290
2025.01.02	01:31:00	21087.75	21087.75	21077.35	21078.35	69	0	290
2025.01.02	01:32:00	21078.05	21079.75	21074.85	21077.25	48	0	290
2025.01.02	01:33:00	21077.75	21077.75	21074.65	21076.35	39	0	290
2025.01.02	01:34:00	21076.25	21078.15	21075.05	21075.05	45	0	290
2025.01.02	01:35:00	21075.15	21076.15	21063.65	21064.15	70	0	290
2025.01.02	01:36:00	21064.05	21064.05	21055.35	21061.85	136	0	290
2025.01.02	01:37:00	21058.65	21062.55	21054.85	21056.55	102	0	290
2025.01.02	01:38:00	21056.15	21056.15	21034.65	21041.85	165	0	290
2025.01.02	01:39:00	21044.15	21053.15	21043.15	21052.55	124	0	290
2025.01.02	01:40:00	21052.35	21052.55	21043.85	21044.15	85	0	290
2025.01.02	01:41:00	21043.75	21051.05	21043.25	21050.55	86	0	290
2025.01.02	01:42:00	21050.65	21051.35	21049.35	21049.55	39	0	290
2025.01.02	01:43:00	21050.65	21055.65	21048.75	21049.15	76	0	290
2025.01.02	01:44:00	21050.05	21053.05	21043.05	21043.35	63	0	290
2025.01.02	01:45:00	21042.85	21046.55	21034.55	21035.15	133	0	290
2025.01.02	01:46:00	21035.05	21039.05	21028.25	21036.15	111	0	290
2025.01.02	01:47:00	21036.25	21036.75	21031.65	21033.55	97	0	290
2025.01.02	01:48:00	21030.55	21037.15	21030.35	21033.55	80	0	290
2025.01.02	01:49:00	21034.25	21036.85	21031.25	21036.25	69	0	290
2025.01.02	01:50:00	21036.55	21042.35	21035.35	21042.35	104	0	290
2025.01.02	01:51:00	21042.15	21046.55	21041.25	21041.55	73	0	290
2025.01.02	01:52:00	21041.65	21049.15	21041.65	21048.55	67	0	290
2025.01.02	01:53:00	21049.15	21051.55	21045.75	21046.75	76	0	290
2025.01.02	01:54:00	21046.65	21049.15	21046.05	21049.05	50	0	290
2025.01.02	01:55:00	21049.15	21049.55	21045.75	21046.15	46	0	290
2025.01.02	01:56:00	21047.55	21049.35	21046.05	21049.15	45	0	290
2025.01.02	01:57:00	21049.35	21052.15	21047.95	21050.65	54	0	270
2025.01.02	01:58:00	21050.75	21052.75	21049.95	21050.75	33	0	260
2025.01.02	01:59:00	21050.95	21053.35	21050.85	21050.95	32	0	220
2025.01.02	02:00:00	21050.95	21051.65	21041.25	21041.85	91	0	210
2025.01.02	02:01:00	21041.85	21045.15	21040.05	21041.55	93	0	270
2025.01.02	02:02:00	21041.65	21042.15	21027.55	21027.55	132	0	290
2025.01.02	02:03:00	21027.75	21030.55	21019.55	21022.35	168	0	290
2025.01.02	02:04:00	21022.85	21024.65	21011.55	21011.65	152	0	290
2025.01.02	02:05:00	21009.75	21016.15	21007.25	21013.35	172	0	290
2025.01.02	02:06:00	21013.35	21016.85	21006.25	21012.05	107	0	290
2025.01.02	02:07:00	21012.35	21014.25	21010.75	21013.75	67	0	290
2025.01.02	02:08:00	21014.25	21019.25	21013.75	21018.25	95	0	290
2025.01.02	02:09:00	21018.15	21022.55	21015.25	21020.25	116	0	290
2025.01.02	02:10:00	21020.35	21020.35	20999.75	21002.05	182	0	290
2025.01.02	02:11:00	21002.05	21008.05	21000.05	21003.35	120	0	290
2025.01.02	02:12:00	21002.85	21005.85	20990.05	20990.35	118	0	290
2025.01.02	02:13:00	20990.55	20998.35	20986.35	20998.35	135	0	290
2025.01.02	02:14:00	20998.55	21001.35	20992.55	20995.85	89	0	290
2025.01.02	02:15:00	20995.85	21001.65	20988.65	20988.65	163	0	290
2025.01.02	02:16:00	20987.65	20990.15	20948.75	20955.85	248	0	290
2025.01.02	02:17:00	20957.75	20961.55	20921.35	20922.65	256	0	290
2025.01.02	02:18:00	20922.25	20929.75	20905.65	20928.65	254	0	290
2025.01.02	02:19:00	20928.55	20935.75	20920.75	20935.75	197	0	290
2025.01.02	02:20:00	20935.25	20935.85	20927.55	20931.55	134	0	290
2025.01.02	02:21:00	20929.85	20934.15	20926.15	20929.75	133	0	290
2025.01.02	02:22:00	20929.55	20940.15	20929.25	20935.15	139	0	290
2025.01.02	02:23:00	20934.75	20939.05	20930.15	20933.35	137	0	290
2025.01.02	02:24:00	20934.75	20939.15	20931.85	20938.25	92	0	290
2025.01.02	02:25:00	20938.25	20946.75	20935.75	20945.25	139	0	290
2025.01.02	02:26:00	20945.65	20945.75	20938.75	20941.85	110	0	290
2025.01.02	02:27:00	20941.85	20946.05	20941.25	20942.05	98	0	290
2025.01.02	02:28:00	20942.25	20943.05	20928.05	20928.05	109	0	290
2025.01.02	02:29:00	20927.85	20928.85	20918.05	20928.05	157	0	290
2025.01.02	02:30:00	20928.05	20928.05	20917.55	20922.55	145	0	290
2025.01.02	02:31:00	20922.05	20942.55	20920.05	20942.05	153	0	290
2025.01.02	02:32:00	20942.75	20950.25	20942.75	20945.35	162	0	290
2025.01.02	02:33:00	20945.65	20958.75	20940.05	20956.05	183	0	290
2025.01.02	02:34:00	20955.35	20958.55	20954.35	20955.05	137	0	290
2025.01.02	02:35:00	20955.05	20955.55	20951.25	20954.15	115	0	290
2025.01.02	02:36:00	20954.15	20957.15	20946.35	20951.55	89	0	290
2025.01.02	02:37:00	20951.75	20959.05	20950.75	20959.05	110	0	290
2025.01.02	02:38:00	20959.05	20972.85	20958.75	20969.75	164	0	290
2025.01.02	02:39:00	20970.05	20971.75	20964.55	20967.65	112	0	290
2025.01.02	02:40:00	20969.15	20970.15	20965.05	20968.05	86	0	290
2025.01.02	02:41:00	20969.55	20980.15	20968.35	20979.05	109	0	290
2025.01.02	02:42:00	20978.55	20987.05	20977.75	20986.85	137	0	290
2025.01.02	02:43:00	20987.05	20998.65	20986.55	20997.25	153	0	290
2025.01.02	02:44:00	20996.85	21001.65	20996.65	21001.15	98	0	290
2025.01.02	02:45:00	21001.25	21007.85	20999.15	21006.75	138	0	290
2025.01.02	02:46:00	21006.85	21023.85	21003.35	21019.65	183	0	290
2025.01.02	02:47:00	21020.25	21020.25	21007.25	21015.05	158	0	290
2025.01.02	02:48:00	21015.25	21020.35	21013.65	21016.15	119	0	290
2025.01.02	02:49:00	21016.05	21017.05	21009.75	21010.75	103	0	290
2025.01.02	02:50:00	21010.25	21014.85	21008.65	21010.75	101	0	290
2025.01.02	02:51:00	21010.85	21012.25	21005.05	21007.25	133	0	290
2025.01.02	02:52:00	21007.25	21017.25	21004.85	21015.55	124	0	290
2025.01.02	02:53:00	21014.65	21021.15	21014.65	21019.15	108	0	290
2025.01.02	02:54:00	21018.75	21027.15	21018.35	21022.25	133	0	290
2025.01.02	02:55:00	21021.65	21024.65	21018.85	21024.25	70	0	290
2025.01.02	02:56:00	21024.05	21032.05	21023.85	21025.25	153	0	290
2025.01.02	02:57:00	21025.15	21025.35	21013.25	21015.75	135	0	290
2025.01.02	02:58:00	21015.75	21017.85	21010.25	21012.35	151	0	290
2025.01.02	02:59:00	21012.55	21015.25	21010.35	21015.05	69	0	290
2025.01.02	03:00:00	21015.05	21032.05	21015.05	21028.35	198	0	290
2025.01.02	03:01:00	21029.85	21050.15	21029.85	21046.35	223	0	290
2025.01.02	03:02:00	21046.25	21060.55	21044.75	21058.55	214	0	290
2025.01.02	03:03:00	21059.15	21060.15	21051.25	21056.35	197	0	290
2025.01.02	03:04:00	21057.05	21058.65	21046.55	21046.75	162	0	290
2025.01.02	03:05:00	21046.85	21048.85	21042.55	21048.15	135	0	290
2025.01.02	03:06:00	21047.05	21065.75	21047.05	21060.55	196	0	290
2025.01.02	03:07:00	21060.65	21062.15	21051.85	21054.55	142	0	290
2025.01.02	03:08:00	21054.35	21054.35	21047.35	21053.05	131	0	290
2025.01.02	03:09:00	21052.85	21053.05	21043.25	21043.35	153	0	290
2025.01.02	03:10:00	21043.25	21060.25	21043.25	21058.05	156	0	290
2025.01.02	03:11:00	21057.85	21058.15	21053.55	21054.15	125	0	290
2025.01.02	03:12:00	21053.25	21053.25	21047.65	21051.75	93	0	290
2025.01.02	03:13:00	21052.35	21057.05	21051.05	21057.05	96	0	290
2025.01.02	03:14:00	21057.05	21058.75	21053.75	21057.55	92	0	290
2025.01.02	03:15:00	21057.25	21070.25	21055.35	21068.15	195	0	290
2025.01.02	03:16:00	21068.85	21070.15	21060.15	21064.55	134	0	290
2025.01.02	03:17:00	21064.25	21066.05	21058.05	21059.35	129	0	290
2025.01.02	03:18:00	21059.15	21059.85	21053.85	21058.05	119	0	290
2025.01.02	03:19:00	21058.25	21058.65	21051.65	21052.35	132	0	290
2025.01.02	03:20:00	21052.05	21058.15	21048.75	21057.25	160	0	290
2025.01.02	03:21:00	21057.35	21062.35	21054.55	21062.25	123	0	290
2025.01.02	03:22:00	21062.35	21070.85	21062.35	21070.85	151	0	290
2025.01.02	03:23:00	21070.75	21078.35	21068.15	21076.65	183	0	290
2025.01.02	03:24:00	21076.35	21080.55	21076.25	21078.15	150	0	290
2025.01.02	03:25:00	21079.25	21082.15	21070.35	21072.35	159	0	290
2025.01.02	03:26:00	21072.25	21074.65	21069.35	21072.05	149	0	290
2025.01.02	03:27:00	21072.55	21072.85	21068.25	21071.25	102	0	290
2025.01.02	03:28:00	21071.25	21076.65	21071.25	21073.85	76	0	290
2025.01.02	03:29:00	21073.75	21074.65	21066.15	21066.55	88	0	290
2025.01.02	03:30:00	21066.35	21070.05	21064.25	21068.35	139	0	290
2025.01.02	03:31:00	21068.35	21068.35	21056.05	21065.65	182	0	290
2025.01.02	03:32:00	21065.55	21074.65	21065.55	21070.25	139	0	290
2025.01.02	03:33:00	21069.75	21072.15	21063.75	21064.25	126	0	290
2025.01.02	03:34:00	21064.75	21065.55	21051.55	21053.85	186	0	290
